ID,Gender,Ever_Married,Age,Graduated,Profession,Work_Experience,Spending_Score,Family_Size,Var_1
466461,Male,Yes,84,No,Lawyer,0.0,Low,1.0,Cat_6
461063,Male,Yes,53,No,Lawyer,0.0,Low,2.0,Cat_6
459811,Female,Yes,48,Yes,Artist,1.0,High,3.0,Cat_6
467298,Male,Yes,61,Yes,Healthcare,1.0,Low,2.0,Cat_6
460704,Male,Yes,43,Yes,Artist,1.0,Low,2.0,Cat_6
464106,Male,Yes,55,Yes,Entertainment,1.0,Low,2.0,Cat_6
464891,Male,Yes,42,No,Entertainment,1.0,Low,3.0,Cat_4
460710,Female,Yes,38,Yes,Artist,0.0,Average,3.0,Cat_6
459418,Male,Yes,66,No,Executive,1.0,High,2.0,Cat_6
464136,Male,Yes,69,Yes,Artist,0.0,Average,3.0,Cat_6
467012,Male,Yes,49,Yes,Executive,1.0,High,4.0,Cat_6
465291,Female,Yes,45,Yes,Artist,5.0,Average,3.0,Cat_6
462571,Male,Yes,50,Yes,Healthcare,1.0,Average,1.0,Cat_6
462472,Male,No,35,Yes,Artist,0.0,Low,1.0,Cat_6
465461,Male,Yes,72,No,Entertainment,1.0,Average,3.0,Cat_6
467865,Female,No,35,Yes,Artist,3.0,Low,1.0,Cat_4
467619,Male,Yes,65,Yes,Lawyer,1.0,High,2.0,Cat_6
466670,Male,Yes,29,Yes,Healthcare,2.0,Average,2.0,Cat_2
462780,Male,Yes,21,No,Healthcare,1.0,High,8.0,Cat_4
466418,Male,Yes,85,No,Lawyer,0.0,Low,1.0,Cat_4
464780,Female,No,32,No,Engineer,1.0,Low,9.0,Cat_4
462846,Female,No,20,No,Marketing,7.0,Low,2.0,Cat_6
463043,Female,Yes,86,Yes,Lawyer,9.0,High,2.0,Cat_6
460135,Female,No,31,Yes,Healthcare,4.0,Low,3.0,Cat_6
459387,Male,No,35,Yes,Doctor,0.0,Low,1.0,Cat_6
461583,Female,Yes,60,Yes,Doctor,6.0,Average,2.0,Cat_6
462411,Male,No,38,Yes,Artist,8.0,Low,1.0,Cat_6
466262,Male,No,41,Yes,Entertainment,1.0,Low,2.0,Cat_3
462791,Female,No,33,No,Healthcare,7.0,Low,4.0,Cat_5
466878,Male,Yes,38,No,Artist,8.0,High,5.0,Cat_6
465152,Male,No,43,Yes,Artist,1.0,Low,3.0,Cat_6
466340,Male,No,19,No,Healthcare,1.0,Low,3.0,Cat_4
466945,Male,Yes,61,Yes,Artist,0.0,Average,2.0,Cat_6
462275,Male,Yes,42,Yes,Artist,1.0,Average,2.0,Cat_6
462097,Male,Yes,42,Yes,Doctor,8.0,Average,2.0,Cat_2
465847,Female,No,40,Yes,Lawyer,1.0,Low,1.0,Cat_6
466985,Female,Yes,45,No,Engineer,0.0,Average,7.0,Cat_7
464959,Female,Yes,40,Yes,Engineer,1.0,Average,6.0,Cat_4
466269,Female,No,25,No,Healthcare,0.0,Low,4.0,Cat_2
467120,Male,Yes,37,Yes,Artist,8.0,Low,2.0,Cat_6
460507,Male,No,30,No,Doctor,1.0,Low,4.0,Cat_3
462235,Female,Yes,36,Yes,Engineer,11.0,Low,2.0,Cat_4
459931,Male,Yes,50,Yes,Artist,0.0,Low,1.0,Cat_6
467782,Female,No,30,Yes,Entertainment,0.0,Low,5.0,Cat_2
460676,Female,Yes,51,Yes,Marketing,9.0,Average,1.0,Cat_3
464119,Male,Yes,36,Yes,Artist,0.0,Average,2.0,Cat_6
463815,Male,Yes,37,Yes,Entertainment,0.0,Average,2.0,Cat_6
460550,Female,Yes,59,Yes,Artist,0.0,Average,4.0,Cat_3
459928,Female,No,35,Yes,Artist,7.0,Low,1.0,Cat_6
462655,Male,No,38,Yes,Entertainment,0.0,Low,2.0,Cat_4
465997,Female,No,33,No,Doctor,1.0,Low,3.0,Cat_6
460139,Male,No,26,No,Artist,6.0,Low,6.0,Cat_5
466613,Male,No,23,No,Healthcare,8.0,Low,3.0,Cat_6
464378,Female,Yes,40,Yes,Artist,9.0,Average,2.0,Cat_6
459548,Female,Yes,50,Yes,Engineer,1.0,Low,2.0,Cat_6
463716,Male,No,29,No,Doctor,1.0,Low,4.0,Cat_6
459777,Male,Yes,35,No,Artist,9.0,Low,3.0,Cat_7
463219,Male,Yes,50,No,Entertainment,0.0,Low,2.0,Cat_6
466005,Male,No,62,Yes,Entertainment,1.0,Low,4.0,Cat_2
467170,Male,Yes,35,Yes,Artist,8.0,Low,4.0,Cat_7
464930,Male,No,25,No,Marketing,0.0,Low,2.0,Cat_4
466159,Female,Yes,50,Yes,Engineer,2.0,Average,3.0,Cat_6
465320,Female,Yes,65,Yes,Lawyer,1.0,Average,2.0,Cat_6
464945,Female,Yes,40,Yes,Artist,1.0,Average,2.0,Cat_4
460826,Female,No,32,Yes,Artist,0.0,Low,3.0,Cat_4
466488,Male,Yes,62,Yes,Entertainment,0.0,Average,6.0,Cat_6
467807,Male,Yes,50,Yes,Executive,1.0,Average,3.0,Cat_6
465362,Female,Yes,52,Yes,Engineer,0.0,Average,4.0,Cat_6
464720,Male,Yes,46,No,Doctor,0.0,Average,3.0,Cat_4
461675,Male,No,61,Yes,Lawyer,1.0,Low,1.0,Cat_6
466354,Male,No,22,No,Healthcare,0.0,Low,4.0,Cat_6
466561,Female,No,19,No,Healthcare,3.0,Low,3.0,Cat_6
466467,Female,Yes,36,Yes,Artist,1.0,Average,3.0,Cat_3
467197,Male,No,27,Yes,Healthcare,1.0,Low,3.0,Cat_6
466397,Male,No,20,No,Healthcare,0.0,Low,3.0,Cat_3
459465,Female,Yes,27,Yes,Entertainment,3.0,Low,5.0,Cat_6
466987,Male,Yes,63,No,Artist,5.0,Average,2.0,Cat_6
460333,Female,No,40,No,Entertainment,12.0,Low,4.0,Cat_6
462679,Male,No,63,Yes,Doctor,1.0,Low,1.0,Cat_6
465137,Male,Yes,57,Yes,Artist,1.0,Average,4.0,Cat_6
463405,Male,Yes,45,No,Marketing,1.0,Low,2.0,Cat_3
465514,Male,No,27,Yes,Entertainment,1.0,Low,5.0,Cat_4
466753,Female,Yes,70,Yes,Artist,1.0,Average,2.0,Cat_3
462168,Male,Yes,37,Yes,Executive,1.0,High,3.0,Cat_6
467521,Male,No,19,No,Healthcare,7.0,Low,3.0,Cat_6
461705,Female,No,32,No,Healthcare,1.0,Low,4.0,Cat_6
466677,Female,Yes,47,Yes,Entertainment,3.0,Average,3.0,Cat_6
464738,Female,Yes,66,No,Engineer,0.0,Average,2.0,Cat_4
459917,Male,No,43,Yes,Artist,11.0,Low,1.0,Cat_3
459432,Male,Yes,84,Yes,Lawyer,0.0,Low,3.0,Cat_6
463897,Female,Yes,36,Yes,Homemaker,8.0,Average,5.0,Cat_6
467326,Female,No,47,Yes,Artist,0.0,Low,1.0,Cat_1
463437,Male,Yes,49,Yes,Artist,1.0,Average,3.0,Cat_6
463282,Male,No,38,Yes,Artist,1.0,Low,1.0,Cat_3
462387,Female,Yes,28,Yes,Artist,0.0,Low,2.0,Cat_7
462196,Male,Yes,56,No,Marketing,1.0,Average,3.0,Cat_4
462900,Male,Yes,39,Yes,Artist,0.0,Average,3.0,Cat_6
460080,Female,No,39,Yes,Doctor,9.0,Low,3.0,Cat_6
462880,Male,Yes,25,No,Executive,1.0,High,3.0,Cat_6
467452,Female,Yes,38,Yes,Artist,9.0,Average,2.0,Cat_6
467872,Female,Yes,40,Yes,Engineer,1.0,Average,4.0,Cat_5
463769,Male,Yes,63,No,Executive,0.0,High,4.0,Cat_6
465261,Female,No,21,Yes,Healthcare,0.0,Low,4.0,Cat_1
466791,Male,Yes,88,No,Lawyer,1.0,Low,1.0,Cat_6
464635,Male,Yes,43,Yes,Healthcare,1.0,High,4.0,Cat_4
459133,Male,No,23,No,Entertainment,1.0,Low,3.0,Cat_4
460551,Male,Yes,49,Yes,Engineer,0.0,Average,2.0,Cat_3
462533,Female,No,33,Yes,Entertainment,0.0,Low,3.0,Cat_6
459534,Male,Yes,36,Yes,Artist,0.0,Average,2.0,Cat_6
463965,Male,No,25,Yes,Doctor,7.0,Low,1.0,Cat_6
459658,Male,Yes,60,Yes,Artist,1.0,Average,3.0,Cat_6
465239,Male,Yes,56,Yes,Artist,0.0,Average,3.0,Cat_6
467886,Female,Yes,46,Yes,Artist,0.0,Low,2.0,Cat_6
467410,Female,Yes,62,Yes,Lawyer,0.0,Low,2.0,Cat_6
465126,Female,Yes,35,No,Engineer,7.0,Average,4.0,Cat_4
461087,Female,Yes,29,No,Artist,0.0,Average,2.0,Cat_3
464825,Female,No,19,No,Healthcare,7.0,Low,1.0,Cat_4
460448,Female,No,38,Yes,Artist,9.0,Low,1.0,Cat_3
460122,Female,No,41,No,Artist,0.0,Low,1.0,Cat_6
465599,Female,Yes,47,Yes,Healthcare,0.0,Average,6.0,Cat_1
461909,Female,No,30,No,Marketing,0.0,Low,4.0,Cat_6
464353,Female,No,51,Yes,Artist,0.0,Low,1.0,Cat_6
465908,Female,No,50,No,Engineer,1.0,Low,1.0,Cat_6
461480,Female,Yes,63,Yes,Artist,1.0,High,3.0,Cat_6
467762,Female,No,39,Yes,Engineer,0.0,Low,4.0,Cat_6
461568,Male,Yes,59,Yes,Artist,1.0,Average,3.0,Cat_6
461068,Male,No,46,No,Marketing,1.0,Low,4.0,Cat_3
462362,Male,Yes,63,Yes,Entertainment,0.0,Average,4.0,Cat_6
459022,Male,Yes,67,Yes,Artist,10.0,Low,1.0,Cat_6
459851,Male,No,53,Yes,Artist,3.0,Low,1.0,Cat_6
459980,Male,No,40,No,Engineer,1.0,Low,2.0,Cat_6
467510,Male,Yes,51,Yes,Entertainment,3.0,Low,3.0,Cat_6
462860,Male,No,30,Yes,Healthcare,8.0,Low,5.0,Cat_6
466842,Male,No,19,No,Healthcare,8.0,Low,5.0,Cat_2
465016,Male,Yes,78,No,Executive,0.0,High,2.0,Cat_6
460180,Female,Yes,27,Yes,Marketing,11.0,Average,2.0,Cat_6
462659,Male,Yes,25,Yes,Entertainment,8.0,Average,2.0,Cat_6
467682,Female,Yes,35,Yes,Artist,9.0,Average,4.0,Cat_6
462706,Male,Yes,45,Yes,Artist,0.0,Low,1.0,Cat_6
466502,Male,No,19,No,Healthcare,1.0,Low,5.0,Cat_3
462277,Male,Yes,36,Yes,Entertainment,4.0,Average,2.0,Cat_2
460541,Female,Yes,36,Yes,Homemaker,1.0,Average,3.0,Cat_3
462104,Male,Yes,39,No,Entertainment,9.0,Low,2.0,Cat_3
461443,Female,Yes,70,Yes,Artist,1.0,Average,2.0,Cat_6
465753,Female,Yes,49,Yes,Artist,6.0,Low,2.0,Cat_6
460025,Female,No,26,Yes,Healthcare,5.0,Low,2.0,Cat_6
467054,Male,No,23,No,Healthcare,1.0,Low,3.0,Cat_6
465202,Male,No,27,No,Entertainment,6.0,Low,4.0,Cat_6
465425,Female,No,31,No,Engineer,1.0,Low,4.0,Cat_6
461707,Female,Yes,45,Yes,Artist,1.0,Average,4.0,Cat_6
465246,Male,No,21,No,Healthcare,1.0,Low,5.0,Cat_4
462515,Male,Yes,42,No,Doctor,5.0,Average,5.0,Cat_6
466225,Male,No,19,No,Healthcare,0.0,Low,3.0,Cat_2
461611,Female,Yes,38,Yes,Artist,5.0,Average,2.0,Cat_6
460711,Female,No,25,Yes,Engineer,8.0,Low,3.0,Cat_6
464137,Female,Yes,74,No,Artist,5.0,High,2.0,Cat_7
466251,Male,No,20,No,Healthcare,3.0,Low,4.0,Cat_4
463765,Male,No,26,Yes,Doctor,13.0,Low,3.0,Cat_6
465998,Female,No,40,Yes,Engineer,6.0,Low,3.0,Cat_6
465318,Male,No,21,No,Doctor,6.0,Low,6.0,Cat_7
464652,Female,Yes,25,No,Engineer,7.0,Average,2.0,Cat_4
465498,Male,Yes,41,Yes,Engineer,9.0,Average,2.0,Cat_2
467261,Female,Yes,77,Yes,Lawyer,0.0,High,2.0,Cat_6
462503,Male,Yes,52,Yes,Executive,0.0,High,4.0,Cat_6
466105,Female,Yes,65,Yes,Artist,1.0,Average,4.0,Cat_6
467749,Male,No,19,No,Healthcare,1.0,Low,9.0,Cat_7
467343,Male,No,72,Yes,Artist,1.0,Low,1.0,Cat_6
460740,Male,Yes,38,Yes,Artist,4.0,Average,3.0,Cat_6
467835,Male,Yes,58,No,Artist,9.0,Low,2.0,Cat_6
461826,Male,Yes,35,Yes,Artist,12.0,Average,2.0,Cat_6
463553,Male,No,27,Yes,Artist,9.0,Low,2.0,Cat_6
464084,Male,No,25,No,Healthcare,1.0,Low,5.0,Cat_4
462876,Male,No,27,No,Doctor,0.0,Low,4.0,Cat_1
460702,Female,No,51,Yes,Artist,0.0,Low,1.0,Cat_6
463440,Female,Yes,73,Yes,Artist,0.0,Average,3.0,Cat_1
466959,Male,Yes,25,Yes,Artist,8.0,Low,4.0,Cat_6
464165,Female,No,55,No,Entertainment,3.0,Low,1.0,Cat_6
466020,Male,Yes,83,No,Lawyer,0.0,Low,1.0,Cat_6
464301,Female,Yes,51,Yes,Doctor,0.0,Average,3.0,Cat_6
463884,Female,No,26,No,Artist,1.0,Low,1.0,Cat_6
465620,Male,No,37,Yes,Artist,8.0,Low,3.0,Cat_6
467627,Female,No,45,Yes,Engineer,0.0,Low,1.0,Cat_6
459198,Female,Yes,66,Yes,Artist,0.0,Average,3.0,Cat_6
463656,Male,Yes,53,Yes,Doctor,0.0,Low,3.0,Cat_6
464805,Male,Yes,35,No,Doctor,0.0,Low,1.0,Cat_4
462226,Male,Yes,26,No,Artist,7.0,Low,4.0,Cat_4
467936,Male,No,27,No,Healthcare,1.0,Low,4.0,Cat_6
463539,Male,Yes,59,Yes,Artist,1.0,Average,2.0,Cat_4
466393,Female,Yes,42,No,Entertainment,1.0,Low,6.0,Cat_3
459894,Female,Yes,35,Yes,Healthcare,1.0,Low,3.0,Cat_6
464120,Male,No,30,No,Healthcare,8.0,Low,3.0,Cat_6
463139,Male,Yes,60,Yes,Executive,1.0,High,6.0,Cat_2
467104,Female,No,18,No,Healthcare,1.0,Low,3.0,Cat_6
459948,Female,No,62,Yes,Engineer,0.0,Low,1.0,Cat_6
460674,Female,No,31,Yes,Entertainment,0.0,Low,3.0,Cat_3
466774,Male,Yes,78,Yes,Lawyer,0.0,Low,2.0,Cat_6
461798,Female,No,56,Yes,Artist,0.0,Low,1.0,Cat_6
459910,Male,Yes,69,Yes,Artist,1.0,Low,2.0,Cat_6
462866,Male,Yes,56,Yes,Doctor,0.0,Low,1.0,Cat_6
466826,Male,Yes,43,Yes,Entertainment,0.0,Low,2.0,Cat_6
465927,Female,No,25,Yes,Healthcare,0.0,Low,1.0,Cat_6
463583,Male,Yes,58,Yes,Artist,9.0,Average,4.0,Cat_6
467007,Female,Yes,35,No,Engineer,0.0,High,1.0,Cat_6
466221,Male,Yes,48,Yes,Artist,4.0,Low,1.0,Cat_6
461879,Male,Yes,37,Yes,Executive,0.0,Average,3.0,Cat_4
461885,Female,Yes,49,Yes,Artist,3.0,High,5.0,Cat_6
464323,Female,No,29,Yes,Artist,12.0,Low,1.0,Cat_6
462455,Male,No,20,No,Healthcare,1.0,Low,5.0,Cat_2
467803,Female,Yes,36,Yes,Entertainment,7.0,Average,2.0,Cat_6
463052,Male,Yes,37,Yes,Marketing,1.0,Low,2.0,Cat_6
464944,Female,Yes,37,Yes,Entertainment,0.0,Low,2.0,Cat_4
462055,Male,No,33,Yes,Healthcare,0.0,Low,7.0,Cat_4
462783,Female,No,33,No,Marketing,0.0,Low,4.0,Cat_3
464802,Male,No,40,No,Entertainment,1.0,Low,1.0,Cat_4
461732,Female,Yes,46,Yes,Artist,1.0,Average,2.0,Cat_2
467549,Male,Yes,61,Yes,Entertainment,11.0,Average,3.0,Cat_6
466451,Male,Yes,41,Yes,Entertainment,0.0,Low,1.0,Cat_6
461298,Female,Yes,78,Yes,Artist,1.0,High,2.0,Cat_6
466201,Male,Yes,42,Yes,Doctor,1.0,Average,5.0,Cat_4
463998,Female,No,27,No,Engineer,0.0,Low,3.0,Cat_6
465923,Female,No,30,Yes,Engineer,9.0,Low,5.0,Cat_6
461476,Male,Yes,53,Yes,Artist,1.0,Average,4.0,Cat_2
467196,Male,No,18,No,Entertainment,0.0,Low,5.0,Cat_6
467049,Male,No,50,Yes,Artist,1.0,Low,1.0,Cat_6
466447,Female,Yes,49,Yes,Artist,0.0,Average,4.0,Cat_7
460697,Male,Yes,40,Yes,Artist,4.0,Average,4.0,Cat_6
465669,Female,Yes,37,No,Entertainment,2.0,Average,4.0,Cat_4
462820,Male,No,25,No,Entertainment,8.0,Low,9.0,Cat_6
467768,Male,Yes,60,Yes,Doctor,0.0,Average,2.0,Cat_6
460854,Female,No,22,No,Marketing,1.0,Low,2.0,Cat_1
459591,Male,Yes,50,Yes,Artist,1.0,Average,3.0,Cat_6
462037,Female,Yes,61,No,Engineer,1.0,High,3.0,Cat_4
464377,Female,No,51,Yes,Entertainment,0.0,Low,1.0,Cat_6
465094,Male,Yes,61,No,Artist,1.0,High,2.0,Cat_6
465175,Female,No,22,No,Homemaker,0.0,Low,4.0,Cat_6
459815,Male,No,42,Yes,Artist,9.0,Low,1.0,Cat_6
466719,Male,Yes,68,No,Executive,1.0,High,2.0,Cat_6
462474,Female,Yes,25,No,Engineer,1.0,Average,2.0,Cat_4
463125,Male,No,29,No,Healthcare,0.0,Low,6.0,Cat_6
465489,Female,No,50,Yes,Engineer,1.0,Low,5.0,Cat_6
459091,Male,Yes,67,Yes,Artist,0.0,Average,6.0,Cat_1
466055,Male,Yes,52,Yes,Entertainment,1.0,Average,3.0,Cat_4
459717,Male,Yes,49,Yes,Artist,1.0,Average,3.0,Cat_6
466787,Female,Yes,33,Yes,Doctor,0.0,Low,2.0,Cat_6
459168,Female,No,36,Yes,Artist,5.0,Low,2.0,Cat_6
465802,Male,Yes,25,Yes,Healthcare,9.0,Low,2.0,Cat_6
466044,Male,Yes,27,No,Entertainment,0.0,Average,4.0,Cat_6
464654,Female,Yes,39,No,Engineer,1.0,Average,4.0,Cat_4
459052,Male,Yes,47,No,Artist,0.0,Low,2.0,Cat_6
467248,Female,Yes,86,Yes,Lawyer,0.0,High,2.0,Cat_6
464740,Female,Yes,59,No,Artist,1.0,Low,3.0,Cat_4
461260,Male,No,20,No,Marketing,1.0,Low,3.0,Cat_4
467115,Male,Yes,89,Yes,Lawyer,0.0,Low,2.0,Cat_6
466638,Female,No,42,Yes,Artist,8.0,Low,2.0,Cat_6
460886,Male,No,37,Yes,Artist,0.0,Low,1.0,Cat_6
467963,Male,No,21,No,Healthcare,1.0,Low,4.0,Cat_6
459614,Female,No,43,Yes,Artist,1.0,Low,2.0,Cat_6
462180,Female,Yes,60,Yes,Engineer,4.0,Average,4.0,Cat_2
461227,Male,No,21,No,Healthcare,0.0,Low,4.0,Cat_6
464971,Female,Yes,36,No,Engineer,1.0,Low,5.0,Cat_4
461420,Female,Yes,59,Yes,Doctor,5.0,Low,2.0,Cat_6
461980,Male,Yes,52,Yes,Artist,2.0,Low,3.0,Cat_3
459139,Female,Yes,53,Yes,Artist,1.0,Average,2.0,Cat_4
466034,Female,Yes,71,No,Engineer,2.0,Low,1.0,Cat_6
467781,Male,Yes,27,Yes,Healthcare,1.0,High,2.0,Cat_6
463642,Female,No,27,Yes,Healthcare,0.0,Low,3.0,Cat_2
464813,Male,Yes,45,Yes,Engineer,5.0,Average,5.0,Cat_6
466783,Female,No,43,Yes,Healthcare,0.0,Low,6.0,Cat_3
461525,Male,Yes,68,Yes,Entertainment,1.0,Low,2.0,Cat_6
463398,Male,No,29,No,Marketing,9.0,Low,4.0,Cat_3
462852,Male,Yes,42,No,Engineer,9.0,Low,3.0,Cat_6
461957,Male,Yes,47,Yes,Entertainment,1.0,Average,4.0,Cat_6
464785,Male,Yes,35,No,Doctor,5.0,Low,4.0,Cat_4
461463,Male,No,41,Yes,Artist,6.0,Low,1.0,Cat_3
465818,Male,No,27,No,Entertainment,1.0,Low,3.0,Cat_4
464577,Female,Yes,28,Yes,Healthcare,10.0,High,2.0,Cat_6
463629,Male,No,41,Yes,Artist,1.0,Low,1.0,Cat_6
467915,Female,No,23,No,Doctor,0.0,Low,4.0,Cat_6
461056,Female,Yes,57,Yes,Artist,0.0,High,3.0,Cat_3
463353,Male,Yes,50,Yes,Executive,4.0,Average,4.0,Cat_2
467821,Female,Yes,37,Yes,Artist,1.0,Low,2.0,Cat_6
460081,Male,Yes,35,Yes,Artist,10.0,High,2.0,Cat_6
462299,Female,No,33,No,Healthcare,7.0,Low,6.0,Cat_6
462836,Male,No,19,No,Healthcare,1.0,Low,3.0,Cat_6
466403,Female,Yes,49,No,Engineer,1.0,Average,4.0,Cat_6
460390,Male,No,36,Yes,Artist,9.0,Low,3.0,Cat_6
466135,Male,Yes,47,Yes,Artist,1.0,Low,2.0,Cat_3
466641,Male,No,20,No,Healthcare,1.0,Low,4.0,Cat_6
460251,Female,No,30,Yes,Entertainment,9.0,Low,1.0,Cat_6
463818,Female,Yes,40,Yes,Artist,2.0,Low,1.0,Cat_6
465087,Male,No,29,Yes,Doctor,1.0,Low,4.0,Cat_6
460008,Male,No,25,No,Doctor,9.0,Low,4.0,Cat_6
466605,Female,No,32,No,Healthcare,0.0,Low,4.0,Cat_3
464680,Male,No,21,No,Healthcare,1.0,Low,5.0,Cat_4
459501,Female,Yes,62,Yes,Artist,4.0,Average,7.0,Cat_7
467141,Male,Yes,50,Yes,Artist,1.0,Low,3.0,Cat_6
461509,Male,Yes,40,Yes,Artist,1.0,Average,3.0,Cat_6
464389,Male,Yes,73,Yes,Artist,1.0,High,2.0,Cat_2
459177,Female,Yes,39,Yes,Artist,1.0,Average,4.0,Cat_6
464054,Male,Yes,31,Yes,Artist,8.0,Average,2.0,Cat_6
465269,Female,Yes,45,Yes,Artist,1.0,Average,3.0,Cat_3
465877,Female,No,48,Yes,Artist,6.0,Low,1.0,Cat_6
461094,Female,No,28,Yes,Healthcare,1.0,Low,3.0,Cat_3
462256,Female,Yes,59,Yes,Homemaker,0.0,Average,4.0,Cat_6
462502,Male,No,39,No,Entertainment,0.0,Low,4.0,Cat_6
466721,Male,Yes,36,Yes,Doctor,7.0,Average,2.0,Cat_6
467836,Male,Yes,63,No,Executive,1.0,High,3.0,Cat_6
461048,Male,Yes,33,Yes,Doctor,10.0,Average,2.0,Cat_2
460317,Male,No,32,No,Doctor,10.0,Low,2.0,Cat_6
462688,Female,Yes,29,Yes,Healthcare,8.0,Low,3.0,Cat_3
465357,Female,Yes,49,Yes,Artist,1.0,Average,3.0,Cat_6
466148,Male,Yes,39,No,Entertainment,0.0,Average,4.0,Cat_6
466152,Male,Yes,40,No,Engineer,8.0,Low,1.0,Cat_6
459167,Female,No,42,Yes,Artist,1.0,Low,2.0,Cat_5
466165,Female,No,49,Yes,Artist,0.0,Low,1.0,Cat_2
460138,Male,No,33,Yes,Entertainment,9.0,Low,6.0,Cat_6
459042,Female,Yes,41,Yes,Engineer,1.0,Average,3.0,Cat_6
462058,Male,Yes,42,Yes,Entertainment,9.0,Low,2.0,Cat_6
463233,Male,Yes,50,No,Executive,0.0,Average,5.0,Cat_6
465493,Female,No,26,No,Artist,0.0,Low,3.0,Cat_4
467503,Female,No,26,Yes,Artist,1.0,Low,4.0,Cat_6
461788,Female,Yes,86,Yes,Lawyer,1.0,High,2.0,Cat_6
461247,Female,No,49,Yes,Artist,4.0,Low,1.0,Cat_6
466345,Male,No,21,No,Healthcare,1.0,Low,4.0,Cat_2
463135,Male,Yes,46,Yes,Artist,5.0,Average,2.0,Cat_3
465888,Male,Yes,37,Yes,Doctor,8.0,Average,2.0,Cat_6
462175,Female,No,36,Yes,Homemaker,9.0,Low,1.0,Cat_2
460193,Male,No,42,Yes,Entertainment,3.0,Low,2.0,Cat_2
465942,Female,Yes,33,Yes,Marketing,8.0,High,2.0,Cat_6
463171,Female,Yes,36,No,Entertainment,1.0,High,3.0,Cat_3
462698,Female,Yes,56,Yes,Entertainment,1.0,Average,2.0,Cat_6
463708,Female,Yes,28,No,Engineer,1.0,Average,2.0,Cat_4
463263,Female,Yes,70,Yes,Engineer,0.0,High,2.0,Cat_6
462553,Male,No,27,No,Artist,1.0,Low,1.0,Cat_6
465912,Female,No,63,Yes,Artist,1.0,Low,2.0,Cat_6
465118,Female,Yes,51,Yes,Artist,1.0,Average,6.0,Cat_6
460459,Female,No,33,No,Engineer,0.0,Low,5.0,Cat_3
467332,Female,Yes,70,Yes,Homemaker,3.0,Low,2.0,Cat_6
461569,Male,Yes,63,Yes,Artist,1.0,Low,1.0,Cat_6
467937,Male,No,28,Yes,Doctor,0.0,Low,3.0,Cat_6
464167,Male,Yes,53,Yes,Executive,4.0,High,3.0,Cat_6
466294,Male,Yes,27,Yes,Healthcare,0.0,Low,5.0,Cat_4
465707,Male,Yes,39,Yes,Entertainment,1.0,Average,4.0,Cat_3
463163,Male,No,26,No,Executive,2.0,Low,2.0,Cat_3
462379,Female,Yes,60,Yes,Artist,1.0,Average,3.0,Cat_6
461229,Female,Yes,28,Yes,Healthcare,0.0,Average,2.0,Cat_6
459234,Female,Yes,83,No,Lawyer,1.0,Low,1.0,Cat_6
461195,Male,No,18,No,Healthcare,0.0,Low,2.0,Cat_4
461984,Male,Yes,42,Yes,Artist,2.0,Average,2.0,Cat_6
461475,Female,Yes,51,Yes,Doctor,1.0,Average,3.0,Cat_1
467845,Male,Yes,52,Yes,Entertainment,1.0,Low,2.0,Cat_6
467546,Female,No,28,No,Healthcare,1.0,Low,4.0,Cat_6
461769,Male,No,40,Yes,Artist,0.0,Low,1.0,Cat_6
462750,Male,No,22,No,Healthcare,9.0,Low,8.0,Cat_6
465759,Male,Yes,33,No,Artist,1.0,Low,3.0,Cat_4
462002,Female,No,37,No,Artist,0.0,Low,2.0,Cat_6
466890,Male,Yes,47,Yes,Artist,0.0,Average,6.0,Cat_7
463237,Male,No,20,No,Healthcare,1.0,Low,5.0,Cat_6
463628,Female,No,30,Yes,Artist,9.0,Low,1.0,Cat_6
466620,Female,Yes,36,Yes,Artist,7.0,Average,2.0,Cat_6
465155,Male,Yes,77,Yes,Lawyer,1.0,Low,1.0,Cat_6
463547,Female,No,28,No,Healthcare,0.0,Low,4.0,Cat_2
463863,Male,Yes,35,Yes,Artist,0.0,Average,2.0,Cat_6
461607,Female,Yes,40,Yes,Entertainment,7.0,Average,2.0,Cat_3
459218,Male,Yes,88,Yes,Lawyer,0.0,High,3.0,Cat_6
464862,Female,No,20,No,Engineer,8.0,Low,5.0,Cat_4
466931,Male,No,37,Yes,Entertainment,1.0,Low,2.0,Cat_3
465730,Male,Yes,43,Yes,Executive,6.0,High,3.0,Cat_4
466490,Female,Yes,84,No,Lawyer,0.0,High,2.0,Cat_6
465955,Male,No,25,Yes,Marketing,8.0,Low,3.0,Cat_6
462920,Male,Yes,50,No,Executive,0.0,High,5.0,Cat_6
460026,Male,No,26,No,Engineer,7.0,Low,1.0,Cat_6
461416,Female,No,31,Yes,Artist,13.0,Low,2.0,Cat_6
463154,Female,Yes,31,No,Artist,1.0,Low,4.0,Cat_6
459540,Female,Yes,70,Yes,Lawyer,0.0,Low,1.0,Cat_6
459705,Male,Yes,25,Yes,Entertainment,1.0,Average,2.0,Cat_6
467591,Female,Yes,41,Yes,Artist,1.0,High,5.0,Cat_7
462119,Male,Yes,71,Yes,Entertainment,0.0,Low,2.0,Cat_6
463025,Male,Yes,40,No,Executive,7.0,Low,4.0,Cat_6
464963,Female,Yes,47,Yes,Entertainment,1.0,Low,2.0,Cat_4
465027,Male,Yes,41,Yes,Doctor,0.0,Low,2.0,Cat_6
462747,Male,No,25,No,Doctor,7.0,Low,4.0,Cat_6
463217,Female,Yes,33,Yes,Healthcare,2.0,High,1.0,Cat_5
461741,Male,Yes,67,Yes,Lawyer,1.0,High,2.0,Cat_6
459224,Female,Yes,48,Yes,Artist,0.0,Average,2.0,Cat_6
459217,Female,Yes,60,No,Lawyer,1.0,Average,3.0,Cat_6
464244,Male,Yes,72,Yes,Executive,1.0,High,4.0,Cat_6
466492,Female,Yes,85,Yes,Lawyer,0.0,High,2.0,Cat_6
463781,Female,No,32,No,Healthcare,2.0,Low,4.0,Cat_4
460761,Male,Yes,52,Yes,Entertainment,0.0,Average,6.0,Cat_4
461588,Male,No,33,Yes,Marketing,0.0,Low,4.0,Cat_2
465960,Female,No,32,Yes,Marketing,8.0,Low,1.0,Cat_6
466614,Male,No,21,No,Healthcare,1.0,Low,6.0,Cat_5
463297,Male,No,27,Yes,Healthcare,4.0,Low,2.0,Cat_6
462467,Female,Yes,45,No,Doctor,1.0,Low,1.0,Cat_6
466612,Female,No,21,No,Healthcare,8.0,Low,2.0,Cat_6
461531,Male,No,41,Yes,Artist,4.0,Low,1.0,Cat_3
464007,Male,Yes,49,Yes,Artist,0.0,Low,3.0,Cat_6
459535,Male,Yes,50,Yes,Artist,8.0,Average,2.0,Cat_6
467848,Male,No,37,Yes,Artist,12.0,Low,1.0,Cat_6
465563,Male,Yes,59,Yes,Entertainment,1.0,Average,5.0,Cat_3
464147,Male,Yes,41,Yes,Artist,0.0,High,3.0,Cat_6
466049,Female,No,25,Yes,Doctor,0.0,Low,1.0,Cat_4
466243,Female,Yes,38,No,Engineer,1.0,Low,2.0,Cat_4
464385,Male,Yes,70,No,Engineer,0.0,Average,2.0,Cat_6
465703,Male,Yes,25,No,Entertainment,2.0,Low,2.0,Cat_4
463018,Female,No,40,Yes,Homemaker,9.0,Low,1.0,Cat_6
463933,Male,Yes,47,No,Executive,0.0,Low,7.0,Cat_4
467699,Female,Yes,32,Yes,Doctor,0.0,Average,2.0,Cat_4
459770,Female,Yes,48,Yes,Artist,8.0,Average,2.0,Cat_6
467633,Male,Yes,49,No,Entertainment,0.0,Low,1.0,Cat_6
460163,Male,No,28,No,Healthcare,0.0,Low,2.0,Cat_4
466164,Female,No,43,Yes,Engineer,9.0,Low,1.0,Cat_6
467181,Female,Yes,50,Yes,Artist,9.0,Low,2.0,Cat_6
462228,Female,No,29,No,Homemaker,0.0,Low,4.0,Cat_4
467123,Female,Yes,50,Yes,Executive,4.0,High,3.0,Cat_6
460342,Female,No,29,Yes,Engineer,10.0,Low,1.0,Cat_6
467552,Male,Yes,53,No,Executive,0.0,Average,4.0,Cat_6
465732,Male,Yes,47,Yes,Marketing,0.0,Low,2.0,Cat_4
460397,Female,No,59,Yes,Entertainment,1.0,Low,1.0,Cat_6
462437,Male,No,18,No,Healthcare,0.0,Low,6.0,Cat_6
461572,Female,Yes,57,Yes,Artist,0.0,Average,3.0,Cat_2
460153,Male,No,35,Yes,Entertainment,8.0,Low,5.0,Cat_6
467745,Male,Yes,50,Yes,Artist,3.0,Average,4.0,Cat_6
461756,Female,Yes,35,Yes,Engineer,0.0,Average,2.0,Cat_4
465821,Female,No,28,No,Engineer,3.0,Low,7.0,Cat_4
460708,Male,Yes,35,Yes,Artist,0.0,Low,3.0,Cat_6
461593,Female,Yes,37,Yes,Doctor,9.0,Average,2.0,Cat_6
460772,Male,Yes,70,No,Entertainment,1.0,Low,1.0,Cat_6
464388,Female,No,30,No,Engineer,11.0,Low,1.0,Cat_4
464272,Male,No,30,Yes,Artist,9.0,Low,2.0,Cat_6
459804,Male,Yes,45,No,Artist,3.0,High,4.0,Cat_6
463874,Male,No,25,Yes,Healthcare,1.0,Low,4.0,Cat_3
461303,Female,No,23,No,Doctor,7.0,Low,4.0,Cat_2
465401,Female,Yes,48,Yes,Artist,10.0,Low,2.0,Cat_6
464518,Male,Yes,30,No,Executive,0.0,High,4.0,Cat_6
466216,Male,No,29,No,Entertainment,1.0,Low,4.0,Cat_4
460246,Male,Yes,46,Yes,Artist,4.0,Low,2.0,Cat_6
466003,Female,Yes,27,Yes,Marketing,9.0,Low,1.0,Cat_3
464628,Male,Yes,32,Yes,Artist,5.0,Average,2.0,Cat_3
461394,Female,No,21,No,Engineer,0.0,Low,5.0,Cat_2
462072,Male,No,39,Yes,Artist,0.0,Low,1.0,Cat_6
465569,Male,Yes,35,Yes,Artist,1.0,High,3.0,Cat_6
462268,Female,Yes,77,Yes,Lawyer,6.0,High,2.0,Cat_6
462438,Male,No,22,No,Doctor,1.0,Low,3.0,Cat_2
462153,Male,Yes,59,No,Artist,0.0,Low,1.0,Cat_6
465167,Female,Yes,42,Yes,Artist,9.0,Average,3.0,Cat_3
465319,Male,No,19,No,Healthcare,0.0,Low,5.0,Cat_6
466255,Male,Yes,45,Yes,Entertainment,0.0,Low,4.0,Cat_2
466481,Male,No,40,Yes,Artist,2.0,Low,1.0,Cat_3
466836,Female,No,42,Yes,Doctor,0.0,Low,1.0,Cat_4
460962,Male,Yes,55,Yes,Executive,9.0,High,4.0,Cat_6
465855,Male,No,42,Yes,Artist,1.0,Low,1.0,Cat_2
461046,Male,Yes,50,Yes,Artist,0.0,Low,1.0,Cat_6
463255,Male,No,42,Yes,Entertainment,3.0,Low,2.0,Cat_6
464820,Female,No,25,No,Artist,1.0,Low,1.0,Cat_4
466348,Male,No,53,Yes,Artist,1.0,Low,2.0,Cat_4
460498,Male,Yes,47,No,Executive,1.0,High,2.0,Cat_3
463313,Female,Yes,55,Yes,Engineer,1.0,Low,1.0,Cat_3
466072,Female,No,23,No,Healthcare,1.0,Low,3.0,Cat_3
465007,Male,Yes,74,Yes,Lawyer,1.0,Low,1.0,Cat_6
466199,Female,Yes,38,Yes,Artist,1.0,Low,2.0,Cat_3
467481,Male,Yes,50,Yes,Artist,0.0,Average,2.0,Cat_6
461655,Female,Yes,35,Yes,Homemaker,9.0,Average,2.0,Cat_6
461361,Female,No,31,Yes,Healthcare,9.0,Low,7.0,Cat_5
466176,Male,No,38,Yes,Doctor,8.0,Low,1.0,Cat_2
467319,Male,No,26,Yes,Homemaker,8.0,Low,2.0,Cat_6
460318,Male,No,30,Yes,Entertainment,14.0,Low,3.0,Cat_6
461167,Male,Yes,29,Yes,Marketing,1.0,High,2.0,Cat_3
463202,Male,No,33,No,Marketing,0.0,Low,3.0,Cat_3
463397,Female,No,20,No,Healthcare,4.0,Low,3.0,Cat_4
466539,Female,Yes,80,No,Lawyer,1.0,High,2.0,Cat_6
463541,Female,No,26,No,Healthcare,0.0,Low,3.0,Cat_5
465364,Female,No,38,Yes,Doctor,5.0,Low,5.0,Cat_2
461591,Female,No,33,No,Engineer,1.0,Low,2.0,Cat_4
459047,Female,No,21,No,Healthcare,1.0,Low,5.0,Cat_4
462271,Male,Yes,45,Yes,Executive,2.0,Average,4.0,Cat_2
462749,Male,Yes,49,Yes,Artist,1.0,Low,2.0,Cat_6
465427,Male,No,33,Yes,Artist,7.0,Low,1.0,Cat_6
464601,Female,No,25,Yes,Healthcare,9.0,Low,2.0,Cat_6
467245,Female,No,38,No,Doctor,0.0,Low,1.0,Cat_6
467603,Male,Yes,71,Yes,Lawyer,1.0,High,2.0,Cat_6
466353,Female,Yes,38,Yes,Engineer,0.0,Average,2.0,Cat_6
462810,Male,Yes,36,No,Executive,8.0,High,4.0,Cat_6
463340,Female,No,23,No,Healthcare,0.0,Low,4.0,Cat_3
464966,Male,Yes,59,No,Engineer,1.0,Low,2.0,Cat_4
467125,Male,Yes,46,No,Entertainment,1.0,Average,4.0,Cat_3
460989,Male,No,23,No,Healthcare,1.0,Low,3.0,Cat_1
460155,Female,Yes,53,Yes,Artist,2.0,High,2.0,Cat_2
464978,Male,Yes,62,No,Executive,0.0,High,2.0,Cat_4
465006,Male,No,39,Yes,Entertainment,5.0,Low,1.0,Cat_6
460987,Male,No,25,Yes,Doctor,8.0,Low,2.0,Cat_6
465756,Male,No,23,No,Healthcare,1.0,Low,3.0,Cat_4
459434,Female,Yes,78,No,Lawyer,1.0,Low,1.0,Cat_6
461231,Male,Yes,52,Yes,Artist,2.0,High,1.0,Cat_4
461030,Female,No,19,No,Healthcare,8.0,Low,5.0,Cat_3
465473,Female,No,55,Yes,Artist,3.0,Low,1.0,Cat_6
460831,Male,No,21,No,Healthcare,0.0,Low,4.0,Cat_6
459900,Male,No,52,Yes,Artist,6.0,Low,1.0,Cat_6
463774,Male,Yes,29,Yes,Healthcare,1.0,Average,2.0,Cat_6
467906,Female,No,33,No,Healthcare,0.0,Low,5.0,Cat_1
467304,Male,No,33,No,Doctor,1.0,Low,2.0,Cat_3
463991,Female,No,31,Yes,Engineer,8.0,Low,1.0,Cat_6
463087,Female,Yes,35,Yes,Homemaker,9.0,Average,2.0,Cat_4
460132,Male,No,39,Yes,Healthcare,3.0,Low,2.0,Cat_6
465108,Male,Yes,58,Yes,Doctor,1.0,Average,2.0,Cat_6
461647,Female,Yes,55,Yes,Artist,2.0,Average,3.0,Cat_6
462034,Female,Yes,38,Yes,Artist,9.0,High,2.0,Cat_2
466082,Female,Yes,83,Yes,Lawyer,1.0,Low,1.0,Cat_6
467859,Male,Yes,39,Yes,Doctor,6.0,Average,2.0,Cat_3
460745,Male,Yes,78,No,Lawyer,1.0,High,2.0,Cat_6
466257,Female,No,32,No,Healthcare,0.0,Low,4.0,Cat_6
465937,Female,No,30,Yes,Healthcare,9.0,Low,3.0,Cat_6
459384,Male,Yes,52,Yes,Artist,0.0,Average,3.0,Cat_6
461908,Female,No,26,No,Healthcare,10.0,Low,1.0,Cat_6
460851,Male,Yes,69,No,Doctor,0.0,Average,3.0,Cat_6
467830,Male,No,31,Yes,Entertainment,1.0,Low,3.0,Cat_6
464469,Female,No,50,Yes,Artist,9.0,Low,1.0,Cat_6
464368,Male,Yes,36,Yes,Entertainment,4.0,Average,2.0,Cat_6
463910,Female,Yes,50,Yes,Artist,0.0,Average,2.0,Cat_6
461117,Female,No,30,Yes,Healthcare,0.0,Low,6.0,Cat_3
464467,Female,No,43,Yes,Healthcare,1.0,Low,2.0,Cat_4
462891,Male,No,27,No,Healthcare,1.0,Low,3.0,Cat_6
466769,Female,No,31,Yes,Entertainment,0.0,Low,4.0,Cat_6
460963,Female,No,32,Yes,Artist,0.0,Low,3.0,Cat_6
464539,Male,Yes,42,No,Executive,3.0,High,3.0,Cat_4
465494,Male,Yes,41,Yes,Doctor,9.0,Average,2.0,Cat_6
461793,Male,No,20,No,Marketing,0.0,Low,2.0,Cat_6
459802,Female,Yes,50,Yes,Artist,1.0,Low,1.0,Cat_6
459655,Male,Yes,39,Yes,Artist,1.0,Average,3.0,Cat_6
464233,Female,Yes,48,Yes,Artist,1.0,Average,2.0,Cat_6
460418,Female,No,35,Yes,Entertainment,9.0,Low,2.0,Cat_6
465709,Male,Yes,68,Yes,Entertainment,1.0,Average,2.0,Cat_6
463240,Female,Yes,53,No,Engineer,0.0,Average,3.0,Cat_6
466131,Female,No,43,Yes,Artist,1.0,Low,1.0,Cat_6
467237,Male,Yes,82,Yes,Lawyer,0.0,High,2.0,Cat_6
462453,Male,No,22,No,Healthcare,9.0,Low,5.0,Cat_6
463246,Female,Yes,38,No,Engineer,9.0,Low,2.0,Cat_6
463764,Male,Yes,50,Yes,Entertainment,1.0,Average,3.0,Cat_6
464116,Female,Yes,69,Yes,Marketing,1.0,Low,2.0,Cat_6
460605,Male,Yes,33,Yes,Doctor,9.0,Average,2.0,Cat_4
464717,Male,Yes,25,No,Executive,4.0,High,8.0,Cat_4
463016,Male,Yes,58,Yes,Artist,1.0,Low,2.0,Cat_6
463776,Female,Yes,39,Yes,Artist,3.0,Average,2.0,Cat_6
459053,Male,Yes,46,Yes,Executive,0.0,High,4.0,Cat_6
466140,Male,Yes,30,Yes,Entertainment,0.0,Low,2.0,Cat_6
461862,Female,No,42,Yes,Artist,9.0,Low,1.0,Cat_6
460985,Female,Yes,61,Yes,Engineer,0.0,Average,2.0,Cat_6
466554,Male,No,26,No,Healthcare,0.0,Low,3.0,Cat_6
465036,Male,Yes,65,Yes,Artist,0.0,Average,2.0,Cat_6
465800,Male,No,25,No,Healthcare,1.0,Low,3.0,Cat_6
461729,Female,Yes,41,Yes,Marketing,0.0,Low,3.0,Cat_6
463356,Male,No,29,Yes,Healthcare,5.0,Low,4.0,Cat_2
464630,Female,Yes,52,No,Engineer,0.0,Low,6.0,Cat_4
462972,Female,Yes,62,Yes,Artist,1.0,Low,1.0,Cat_6
460197,Male,No,38,Yes,Artist,8.0,Low,3.0,Cat_2
467882,Female,No,40,Yes,Artist,0.0,Low,1.0,Cat_6
462222,Male,No,20,No,Healthcare,1.0,Low,6.0,Cat_4
466830,Male,No,28,Yes,Healthcare,5.0,Low,4.0,Cat_6
460355,Female,No,40,Yes,Entertainment,5.0,Low,1.0,Cat_3
464777,Female,Yes,52,No,Engineer,8.0,Average,4.0,Cat_2
460800,Male,No,52,Yes,Artist,1.0,Low,3.0,Cat_3
465067,Male,Yes,62,Yes,Executive,8.0,High,2.0,Cat_6
465079,Male,Yes,75,Yes,Lawyer,1.0,Low,1.0,Cat_6
464878,Male,No,22,No,Healthcare,0.0,Low,4.0,Cat_4
461018,Male,No,25,No,Marketing,0.0,Low,3.0,Cat_3
460867,Male,Yes,40,Yes,Doctor,0.0,Average,5.0,Cat_6
461947,Female,No,33,Yes,Healthcare,0.0,Low,4.0,Cat_2
464756,Female,No,25,No,Engineer,5.0,Low,3.0,Cat_4
467328,Female,Yes,50,Yes,Doctor,1.0,Average,3.0,Cat_6
467621,Male,Yes,76,Yes,Lawyer,1.0,Low,1.0,Cat_6
464856,Female,No,42,Yes,Engineer,8.0,Low,3.0,Cat_4
460992,Male,Yes,57,No,Executive,0.0,High,4.0,Cat_6
464566,Male,Yes,35,Yes,Executive,0.0,High,4.0,Cat_6
459962,Male,Yes,59,Yes,Artist,8.0,Low,1.0,Cat_6
466123,Male,Yes,70,Yes,Entertainment,0.0,Low,1.0,Cat_6
459726,Male,Yes,79,No,Lawyer,0.0,High,2.0,Cat_6
459822,Female,No,37,Yes,Engineer,0.0,Low,1.0,Cat_4
467156,Male,Yes,37,Yes,Artist,6.0,Low,1.0,Cat_6
464101,Male,Yes,62,Yes,Entertainment,9.0,Average,2.0,Cat_6
465550,Female,No,30,Yes,Healthcare,1.0,Low,6.0,Cat_3
463281,Male,Yes,25,No,Entertainment,3.0,Average,2.0,Cat_3
463722,Male,Yes,55,Yes,Executive,9.0,High,2.0,Cat_6
460815,Male,Yes,55,Yes,Artist,0.0,High,2.0,Cat_3
459579,Female,Yes,40,Yes,Artist,4.0,Average,5.0,Cat_4
459307,Male,Yes,62,Yes,Entertainment,0.0,Low,1.0,Cat_6
467085,Male,No,45,Yes,Entertainment,1.0,Low,2.0,Cat_6
459033,Female,Yes,56,Yes,Artist,0.0,Low,1.0,Cat_6
465380,Male,No,25,No,Entertainment,5.0,Low,2.0,Cat_6
465664,Female,Yes,84,Yes,Lawyer,1.0,Low,1.0,Cat_6
466437,Male,Yes,56,No,Executive,0.0,Low,1.0,Cat_6
459345,Female,Yes,39,Yes,Artist,3.0,Low,1.0,Cat_6
459325,Male,Yes,26,No,Executive,9.0,High,4.0,Cat_6
464354,Female,No,43,Yes,Engineer,3.0,Low,2.0,Cat_4
459670,Female,Yes,39,Yes,Entertainment,7.0,Average,2.0,Cat_6
465592,Male,Yes,65,Yes,Entertainment,1.0,Low,1.0,Cat_6
464407,Female,Yes,50,Yes,Healthcare,1.0,Low,3.0,Cat_6
459481,Male,Yes,47,No,Lawyer,0.0,Low,2.0,Cat_6
464547,Male,No,41,Yes,Artist,0.0,Low,2.0,Cat_3
467724,Male,Yes,46,No,Artist,1.0,High,3.0,Cat_6
459474,Male,No,25,Yes,Doctor,6.0,Low,1.0,Cat_2
461119,Female,No,23,No,Healthcare,6.0,Low,3.0,Cat_3
462317,Female,No,32,No,Entertainment,3.0,Low,6.0,Cat_4
463830,Female,No,30,Yes,Engineer,3.0,Low,3.0,Cat_6
461138,Male,Yes,63,Yes,Entertainment,1.0,High,2.0,Cat_7
461590,Male,Yes,41,No,Executive,1.0,High,4.0,Cat_6
461627,Male,Yes,50,Yes,Doctor,1.0,Low,2.0,Cat_6
465170,Female,Yes,46,Yes,Entertainment,4.0,Low,3.0,Cat_6
464243,Female,No,49,Yes,Artist,1.0,Low,2.0,Cat_6
461091,Female,Yes,37,Yes,Artist,3.0,Average,3.0,Cat_3
459706,Male,Yes,60,Yes,Entertainment,1.0,Average,3.0,Cat_6
464545,Male,No,43,Yes,Artist,7.0,Low,3.0,Cat_6
466162,Female,Yes,73,Yes,Doctor,0.0,Low,1.0,Cat_4
465207,Male,Yes,49,Yes,Artist,0.0,Average,2.0,Cat_6
466083,Female,No,21,No,Marketing,2.0,Low,2.0,Cat_3
465591,Male,Yes,65,No,Artist,0.0,Average,2.0,Cat_4
467341,Male,No,35,Yes,Artist,3.0,Low,1.0,Cat_6
459992,Male,No,48,Yes,Artist,1.0,Low,1.0,Cat_6
460473,Male,Yes,58,Yes,Artist,0.0,Average,2.0,Cat_4
466325,Female,No,25,No,Marketing,1.0,Low,2.0,Cat_3
463913,Male,No,36,Yes,Doctor,1.0,Low,1.0,Cat_6
464939,Male,No,43,No,Entertainment,0.0,Low,1.0,Cat_4
462861,Female,No,26,Yes,Healthcare,8.0,Low,1.0,Cat_6
462334,Male,No,47,Yes,Artist,9.0,Low,2.0,Cat_6
463507,Male,Yes,49,No,Artist,1.0,Low,1.0,Cat_6
467048,Female,Yes,65,Yes,Lawyer,0.0,High,3.0,Cat_6
465346,Female,No,37,Yes,Marketing,1.0,Low,3.0,Cat_6
465023,Male,Yes,43,Yes,Artist,9.0,Average,2.0,Cat_2
463885,Male,Yes,51,Yes,Artist,1.0,Low,1.0,Cat_4
464139,Female,No,27,No,Healthcare,14.0,Low,1.0,Cat_6
467972,Male,No,22,No,Artist,1.0,Low,3.0,Cat_6
462056,Female,Yes,52,Yes,Artist,8.0,Average,4.0,Cat_6
461342,Male,Yes,43,No,Executive,3.0,High,4.0,Cat_6
467733,Male,Yes,62,No,Executive,9.0,High,3.0,Cat_6
460055,Female,No,46,Yes,Artist,8.0,Low,1.0,Cat_6
459927,Female,No,27,No,Engineer,0.0,Low,2.0,Cat_3
460579,Female,Yes,38,No,Engineer,0.0,Average,5.0,Cat_3
459154,Male,Yes,88,Yes,Lawyer,0.0,High,2.0,Cat_6
467020,Male,Yes,80,Yes,Lawyer,0.0,High,3.0,Cat_6
467649,Male,Yes,38,Yes,Doctor,0.0,Average,5.0,Cat_6
465918,Female,No,39,Yes,Artist,5.0,Low,3.0,Cat_6
467739,Female,Yes,63,No,Artist,1.0,Average,4.0,Cat_6
460939,Female,Yes,87,Yes,Lawyer,0.0,Low,2.0,Cat_6
461089,Male,No,20,No,Marketing,0.0,Low,3.0,Cat_3
467188,Male,Yes,55,Yes,Artist,2.0,Low,2.0,Cat_6
467545,Male,Yes,53,Yes,Artist,9.0,Average,2.0,Cat_6
466876,Female,Yes,43,Yes,Entertainment,0.0,Average,2.0,Cat_2
462776,Female,Yes,53,Yes,Engineer,1.0,Average,3.0,Cat_6
467365,Male,No,40,Yes,Artist,1.0,Low,1.0,Cat_6
460095,Female,Yes,74,Yes,Lawyer,1.0,Low,1.0,Cat_6
464508,Male,Yes,49,Yes,Executive,1.0,High,3.0,Cat_6
466761,Female,Yes,48,Yes,Entertainment,2.0,Low,1.0,Cat_1
459151,Male,Yes,60,Yes,Lawyer,9.0,Low,2.0,Cat_6
465826,Male,Yes,45,No,Executive,3.0,Low,9.0,Cat_4
467059,Male,Yes,47,Yes,Artist,2.0,Low,1.0,Cat_6
467905,Male,Yes,43,Yes,Executive,0.0,High,3.0,Cat_6
460588,Male,No,21,No,Healthcare,0.0,Low,4.0,Cat_3
461726,Female,Yes,53,Yes,Artist,1.0,Average,4.0,Cat_3
464923,Male,Yes,48,No,Executive,5.0,High,2.0,Cat_4
460121,Male,Yes,55,Yes,Engineer,1.0,Average,3.0,Cat_6
467942,Female,Yes,41,Yes,Artist,1.0,High,4.0,Cat_2
465240,Male,Yes,59,Yes,Artist,4.0,High,2.0,Cat_7
466798,Male,No,23,No,Healthcare,4.0,Low,5.0,Cat_6
463860,Male,Yes,39,Yes,Healthcare,0.0,High,3.0,Cat_6
460288,Male,Yes,61,Yes,Healthcare,1.0,Average,7.0,Cat_3
462766,Female,No,32,No,Homemaker,8.0,Low,1.0,Cat_6
466886,Female,No,40,No,Marketing,1.0,Low,1.0,Cat_6
459220,Female,Yes,77,Yes,Lawyer,1.0,High,2.0,Cat_6
459094,Female,No,31,No,Healthcare,1.0,Low,5.0,Cat_6
466170,Male,Yes,74,Yes,Lawyer,1.0,Low,1.0,Cat_2
464029,Male,No,18,No,Entertainment,1.0,Low,4.0,Cat_6
465373,Male,Yes,49,Yes,Artist,4.0,Average,4.0,Cat_6
464056,Female,Yes,65,Yes,Artist,0.0,Average,2.0,Cat_6
462489,Male,Yes,46,Yes,Artist,0.0,Low,2.0,Cat_6
465521,Female,Yes,47,Yes,Artist,1.0,Average,2.0,Cat_7
466244,Female,No,30,No,Healthcare,3.0,Low,3.0,Cat_4
462881,Female,Yes,66,Yes,Artist,0.0,High,3.0,Cat_6
463005,Female,Yes,40,Yes,Homemaker,10.0,Average,2.0,Cat_4
467184,Male,Yes,51,No,Engineer,0.0,Average,3.0,Cat_6
467418,Male,Yes,49,Yes,Artist,1.0,Average,4.0,Cat_6
463690,Female,No,28,No,Healthcare,7.0,Low,4.0,Cat_6
463499,Male,Yes,48,Yes,Executive,0.0,Low,2.0,Cat_6
461532,Male,Yes,48,Yes,Entertainment,1.0,Low,1.0,Cat_6
460578,Male,Yes,28,No,Entertainment,8.0,Average,4.0,Cat_7
463073,Male,Yes,42,Yes,Artist,1.0,Average,3.0,Cat_6
465024,Male,Yes,52,Yes,Executive,0.0,High,4.0,Cat_6
462113,Female,Yes,60,Yes,Artist,8.0,High,6.0,Cat_6
464425,Male,No,40,Yes,Artist,8.0,Low,1.0,Cat_6
459940,Female,No,46,Yes,Engineer,1.0,Low,2.0,Cat_1
463692,Female,Yes,26,Yes,Healthcare,6.0,High,7.0,Cat_2
462660,Female,Yes,27,No,Homemaker,9.0,Average,2.0,Cat_6
467683,Male,Yes,26,Yes,Healthcare,9.0,High,3.0,Cat_2
461145,Female,Yes,36,Yes,Entertainment,0.0,Low,2.0,Cat_3
466096,Male,Yes,76,Yes,Lawyer,0.0,Low,2.0,Cat_4
465014,Male,Yes,83,No,Lawyer,1.0,Low,1.0,Cat_6
464286,Female,Yes,60,Yes,Artist,1.0,Average,2.0,Cat_6
464989,Male,Yes,47,No,Entertainment,0.0,Average,4.0,Cat_6
467486,Female,Yes,46,Yes,Engineer,1.0,Average,5.0,Cat_6
465280,Female,Yes,37,Yes,Artist,0.0,Low,1.0,Cat_6
460924,Male,No,28,No,Doctor,1.0,Low,5.0,Cat_2
465948,Female,Yes,46,Yes,Artist,1.0,Average,2.0,Cat_6
461859,Female,Yes,46,No,Artist,5.0,Low,5.0,Cat_6
459872,Male,Yes,68,No,Entertainment,4.0,Average,2.0,Cat_6
467931,Male,No,25,Yes,Doctor,0.0,Low,2.0,Cat_6
463698,Female,Yes,53,No,Engineer,0.0,Average,2.0,Cat_6
460047,Male,No,41,Yes,Entertainment,8.0,Low,2.0,Cat_6
463585,Female,No,23,No,Healthcare,0.0,Low,3.0,Cat_6
464510,Female,Yes,75,No,Lawyer,0.0,High,2.0,Cat_6
462739,Male,Yes,46,Yes,Artist,0.0,Low,2.0,Cat_6
467847,Male,Yes,41,Yes,Artist,8.0,High,2.0,Cat_2
466440,Male,Yes,23,No,Executive,1.0,High,9.0,Cat_6
463447,Male,Yes,60,No,Engineer,0.0,Average,2.0,Cat_6
461528,Female,No,33,Yes,Engineer,1.0,Low,2.0,Cat_6
467635,Female,No,41,Yes,Artist,9.0,Low,1.0,Cat_6
463919,Female,No,31,Yes,Homemaker,9.0,Low,1.0,Cat_6
464003,Male,No,22,No,Healthcare,0.0,Low,4.0,Cat_2
461667,Male,Yes,42,Yes,Doctor,0.0,Average,2.0,Cat_6
461452,Female,No,31,Yes,Doctor,0.0,Low,4.0,Cat_3
466046,Female,Yes,36,No,Entertainment,1.0,Average,2.0,Cat_4
465980,Female,No,31,Yes,Healthcare,1.0,Low,7.0,Cat_6
459979,Female,No,41,No,Marketing,0.0,Low,2.0,Cat_6
460795,Male,Yes,61,Yes,Artist,1.0,Average,3.0,Cat_6
464030,Male,No,18,No,Entertainment,1.0,Low,4.0,Cat_6
462856,Female,No,28,Yes,Engineer,0.0,Low,3.0,Cat_6
462231,Male,No,28,Yes,Artist,4.0,Low,6.0,Cat_4
465209,Male,Yes,47,Yes,Artist,0.0,Average,2.0,Cat_3
460266,Male,No,22,No,Healthcare,0.0,Low,8.0,Cat_6
466119,Female,Yes,57,No,Engineer,0.0,Low,1.0,Cat_3
461721,Male,No,26,Yes,Entertainment,7.0,Low,5.0,Cat_5
466224,Female,No,38,Yes,Healthcare,0.0,Low,1.0,Cat_2
459159,Male,Yes,80,Yes,Lawyer,1.0,Low,1.0,Cat_6
461327,Female,Yes,35,Yes,Artist,1.0,Average,3.0,Cat_6
465176,Female,Yes,55,Yes,Artist,1.0,Average,4.0,Cat_6
467198,Male,No,28,Yes,Healthcare,1.0,Low,5.0,Cat_6
464179,Female,Yes,63,Yes,Artist,0.0,Average,3.0,Cat_6
465779,Female,No,19,No,Healthcare,0.0,Low,5.0,Cat_2
466901,Female,Yes,52,Yes,Artist,0.0,Average,3.0,Cat_7
467364,Male,Yes,46,Yes,Artist,1.0,Average,3.0,Cat_3
466590,Female,No,27,Yes,Healthcare,0.0,Low,4.0,Cat_6
464871,Female,No,28,Yes,Entertainment,6.0,Low,3.0,Cat_4
459983,Female,Yes,50,Yes,Artist,2.0,Low,1.0,Cat_6
463632,Male,Yes,30,Yes,Artist,0.0,Average,2.0,Cat_6
462853,Male,No,23,No,Healthcare,1.0,Low,2.0,Cat_6
459459,Male,Yes,36,Yes,Artist,4.0,Low,1.0,Cat_6
464481,Male,Yes,46,Yes,Executive,0.0,High,3.0,Cat_6
466578,Male,No,45,No,Artist,2.0,Low,1.0,Cat_6
466571,Male,No,23,No,Healthcare,1.0,Low,4.0,Cat_6
467485,Male,Yes,58,Yes,Lawyer,0.0,High,2.0,Cat_6
462559,Female,Yes,47,Yes,Engineer,9.0,Average,4.0,Cat_2
464107,Male,Yes,70,No,Artist,1.0,Average,2.0,Cat_6
461240,Female,No,45,No,Marketing,1.0,Low,1.0,Cat_6
465355,Female,Yes,47,Yes,Artist,7.0,Average,2.0,Cat_6
464181,Female,No,31,Yes,Healthcare,6.0,Low,4.0,Cat_2
466299,Female,Yes,40,Yes,Engineer,0.0,Low,2.0,Cat_2
460696,Male,Yes,73,No,Lawyer,1.0,Low,1.0,Cat_6
465964,Female,Yes,47,No,Marketing,2.0,Low,1.0,Cat_6
466071,Female,Yes,60,Yes,Artist,2.0,Low,3.0,Cat_4
466045,Female,No,38,No,Entertainment,8.0,Low,2.0,Cat_6
460760,Male,Yes,60,No,Artist,1.0,High,4.0,Cat_3
466505,Female,Yes,42,No,Artist,8.0,High,5.0,Cat_6
465008,Female,Yes,70,Yes,Artist,0.0,High,2.0,Cat_6
462154,Male,Yes,36,Yes,Entertainment,0.0,Average,2.0,Cat_6
465671,Female,Yes,35,No,Engineer,2.0,Average,5.0,Cat_4
465501,Male,Yes,40,Yes,Artist,13.0,High,1.0,Cat_4
460875,Male,No,35,Yes,Entertainment,0.0,Low,3.0,Cat_3
463699,Female,Yes,41,Yes,Marketing,9.0,Low,3.0,Cat_6
460647,Female,Yes,26,No,Doctor,1.0,Average,2.0,Cat_4
462654,Male,Yes,39,No,Artist,1.0,Average,6.0,Cat_4
466946,Male,Yes,61,Yes,Entertainment,0.0,Average,2.0,Cat_6
461242,Male,Yes,52,Yes,Healthcare,1.0,Low,2.0,Cat_6
462290,Female,No,33,Yes,Doctor,1.0,Low,1.0,Cat_6
460198,Male,No,43,Yes,Entertainment,9.0,Low,1.0,Cat_6
463817,Female,No,33,Yes,Healthcare,1.0,Low,5.0,Cat_6
467359,Male,Yes,41,Yes,Artist,6.0,Average,2.0,Cat_6
465350,Female,No,35,Yes,Artist,0.0,Low,3.0,Cat_6
467229,Female,No,29,Yes,Healthcare,0.0,Low,4.0,Cat_6
463683,Female,Yes,39,Yes,Artist,14.0,Average,2.0,Cat_6
463077,Male,No,28,No,Doctor,4.0,Low,3.0,Cat_6
460946,Male,No,84,No,Artist,0.0,Low,1.0,Cat_6
461786,Male,Yes,71,Yes,Lawyer,0.0,High,2.0,Cat_6
466421,Male,Yes,26,No,Doctor,4.0,Average,3.0,Cat_3
467812,Male,No,50,Yes,Artist,1.0,Low,1.0,Cat_2
461359,Male,Yes,28,Yes,Healthcare,1.0,Low,4.0,Cat_7
462710,Female,No,28,Yes,Marketing,2.0,Low,3.0,Cat_6
464865,Female,No,30,No,Homemaker,8.0,Low,9.0,Cat_4
460613,Female,Yes,46,Yes,Homemaker,8.0,Average,3.0,Cat_3
465583,Male,No,35,Yes,Artist,2.0,Low,2.0,Cat_6
465078,Male,Yes,43,Yes,Executive,0.0,High,4.0,Cat_6
459370,Male,No,18,No,Healthcare,13.0,Low,4.0,Cat_6
460242,Male,Yes,41,Yes,Healthcare,8.0,Low,3.0,Cat_6
464687,Male,Yes,36,Yes,Artist,9.0,Average,5.0,Cat_4
462434,Male,Yes,57,Yes,Artist,0.0,Average,4.0,Cat_6
466002,Male,Yes,51,Yes,Doctor,1.0,High,2.0,Cat_3
467594,Male,Yes,45,No,Executive,0.0,Average,3.0,Cat_4
467079,Male,Yes,40,Yes,Artist,1.0,Low,2.0,Cat_6
467422,Female,Yes,58,Yes,Artist,0.0,Average,2.0,Cat_6
462543,Female,Yes,38,Yes,Artist,4.0,Low,1.0,Cat_3
465541,Female,Yes,45,Yes,Artist,1.0,Average,4.0,Cat_7
461974,Female,Yes,47,Yes,Artist,0.0,Low,1.0,Cat_6
460316,Female,No,39,No,Healthcare,4.0,Low,3.0,Cat_6
466820,Female,Yes,74,No,Lawyer,1.0,High,2.0,Cat_6
461128,Male,No,20,No,Healthcare,7.0,Low,3.0,Cat_6
462567,Female,No,36,No,Engineer,0.0,Low,1.0,Cat_6
462068,Male,Yes,55,Yes,Executive,1.0,High,3.0,Cat_6
465721,Male,Yes,25,Yes,Entertainment,1.0,High,2.0,Cat_3
460810,Female,Yes,89,No,Lawyer,1.0,High,2.0,Cat_6
465474,Male,No,27,No,Marketing,8.0,Low,4.0,Cat_4
461981,Male,No,18,No,Healthcare,4.0,Low,3.0,Cat_3
462809,Male,No,22,No,Healthcare,1.0,Low,4.0,Cat_4
466660,Male,No,22,No,Healthcare,1.0,Low,4.0,Cat_6
463290,Female,No,25,No,Healthcare,1.0,Low,5.0,Cat_6
467766,Female,No,31,No,Healthcare,6.0,Low,3.0,Cat_6
459204,Female,Yes,35,Yes,Engineer,0.0,Average,2.0,Cat_6
459618,Male,Yes,59,Yes,Doctor,0.0,Average,2.0,Cat_4
460725,Male,Yes,41,Yes,Artist,0.0,High,2.0,Cat_2
463433,Female,Yes,50,Yes,Doctor,0.0,Low,3.0,Cat_6
465597,Female,No,43,Yes,Entertainment,14.0,Low,1.0,Cat_6
463562,Male,No,33,Yes,Entertainment,0.0,Low,4.0,Cat_6
463413,Male,Yes,41,No,Doctor,1.0,Average,2.0,Cat_4
467922,Male,Yes,84,Yes,Entertainment,0.0,High,2.0,Cat_6
460533,Female,Yes,45,No,Artist,6.0,Low,1.0,Cat_6
463374,Female,No,19,No,Healthcare,0.0,Low,3.0,Cat_6
460943,Male,Yes,50,Yes,Entertainment,1.0,Average,4.0,Cat_6
459491,Female,Yes,39,Yes,Artist,1.0,Average,4.0,Cat_6
460898,Male,Yes,48,No,Artist,3.0,Average,4.0,Cat_6
460051,Male,No,42,Yes,Artist,7.0,Low,1.0,Cat_6
464893,Male,Yes,43,Yes,Artist,0.0,Low,2.0,Cat_4
462819,Male,Yes,49,Yes,Artist,0.0,Average,3.0,Cat_6
463569,Female,Yes,59,No,Marketing,1.0,Average,4.0,Cat_1
466168,Female,Yes,45,Yes,Executive,1.0,High,3.0,Cat_3
459156,Female,Yes,81,Yes,Lawyer,1.0,High,2.0,Cat_6
465973,Female,Yes,50,Yes,Artist,8.0,Average,2.0,Cat_6
466417,Female,Yes,79,No,Lawyer,1.0,High,3.0,Cat_6
465967,Male,Yes,36,No,Doctor,6.0,Low,3.0,Cat_6
465697,Female,Yes,47,No,Artist,7.0,Low,1.0,Cat_6
459380,Male,Yes,62,Yes,Artist,1.0,Low,1.0,Cat_6
464814,Male,Yes,53,Yes,Artist,0.0,High,7.0,Cat_4
465637,Female,No,41,Yes,Artist,1.0,Low,1.0,Cat_4
463533,Female,Yes,87,Yes,Artist,1.0,High,2.0,Cat_2
459720,Male,No,25,No,Doctor,6.0,Low,1.0,Cat_6
460029,Female,Yes,35,Yes,Healthcare,12.0,Average,2.0,Cat_2
463296,Female,No,21,No,Healthcare,0.0,Low,5.0,Cat_6
462604,Female,Yes,38,No,Doctor,1.0,Average,3.0,Cat_4
466846,Male,No,18,No,Healthcare,2.0,Low,4.0,Cat_2
465783,Male,No,23,No,Healthcare,1.0,Low,5.0,Cat_3
465636,Male,No,29,Yes,Healthcare,3.0,Low,3.0,Cat_4
466852,Female,No,23,No,Marketing,4.0,Low,4.0,Cat_6
459504,Male,Yes,77,Yes,Lawyer,1.0,High,2.0,Cat_6
465236,Male,Yes,47,Yes,Artist,0.0,Low,1.0,Cat_6
466460,Male,Yes,85,No,Lawyer,1.0,Low,1.0,Cat_6
464448,Male,Yes,39,Yes,Artist,1.0,Average,2.0,Cat_6
467308,Female,No,28,Yes,Doctor,0.0,Low,3.0,Cat_3
466130,Female,No,27,No,Artist,0.0,Low,6.0,Cat_6
463582,Female,No,18,No,Healthcare,1.0,Low,3.0,Cat_6
459589,Male,No,25,No,Healthcare,1.0,Low,5.0,Cat_6
460230,Male,No,28,Yes,Healthcare,1.0,Low,4.0,Cat_6
467909,Female,No,45,Yes,Doctor,0.0,Low,1.0,Cat_6
459869,Female,No,23,No,Healthcare,1.0,Low,3.0,Cat_6
462241,Female,No,28,No,Entertainment,1.0,Low,4.0,Cat_6
464455,Female,Yes,74,Yes,Lawyer,1.0,High,2.0,Cat_6
465066,Male,Yes,47,Yes,Executive,7.0,High,4.0,Cat_6
461669,Female,Yes,42,No,Engineer,0.0,Average,2.0,Cat_6
460176,Female,No,28,Yes,Entertainment,0.0,Low,4.0,Cat_6
464620,Female,Yes,41,Yes,Artist,1.0,High,2.0,Cat_6
461345,Male,No,27,No,Doctor,0.0,Low,3.0,Cat_6
459959,Male,Yes,25,Yes,Artist,9.0,Low,4.0,Cat_6
464897,Male,Yes,68,No,Executive,0.0,High,2.0,Cat_4
463966,Female,No,31,Yes,Artist,9.0,Low,1.0,Cat_6
465117,Female,Yes,73,Yes,Artist,1.0,High,2.0,Cat_6
466181,Male,Yes,46,Yes,Entertainment,1.0,Low,2.0,Cat_3
463289,Female,Yes,39,Yes,Artist,0.0,Average,3.0,Cat_3
464866,Female,No,23,No,Engineer,11.0,Low,1.0,Cat_3
463373,Male,Yes,55,Yes,Artist,1.0,Low,3.0,Cat_3
466237,Male,No,18,No,Healthcare,0.0,Low,3.0,Cat_4
467725,Male,No,32,Yes,Healthcare,9.0,Low,2.0,Cat_6
462954,Female,Yes,48,Yes,Homemaker,12.0,Low,1.0,Cat_6
460887,Male,Yes,47,Yes,Entertainment,2.0,Average,3.0,Cat_3
464254,Male,Yes,63,Yes,Entertainment,0.0,Average,3.0,Cat_6
464419,Male,Yes,52,Yes,Artist,1.0,Average,3.0,Cat_6
461733,Female,Yes,43,Yes,Artist,0.0,High,3.0,Cat_6
460576,Male,Yes,49,No,Executive,9.0,High,5.0,Cat_3
462981,Female,No,26,No,Homemaker,8.0,Low,1.0,Cat_6
464819,Female,Yes,67,Yes,Lawyer,1.0,Low,1.0,Cat_4
463671,Male,Yes,37,Yes,Entertainment,0.0,Average,3.0,Cat_6
460573,Male,No,62,No,Healthcare,8.0,Low,1.0,Cat_3
466001,Female,Yes,36,Yes,Entertainment,6.0,Low,2.0,Cat_6
460491,Female,No,22,No,Healthcare,1.0,Low,7.0,Cat_3
464278,Male,Yes,85,Yes,Executive,1.0,High,2.0,Cat_6
461339,Male,No,26,Yes,Healthcare,1.0,Low,3.0,Cat_6
462139,Female,No,27,Yes,Healthcare,1.0,Low,4.0,Cat_2
462057,Male,Yes,40,Yes,Artist,3.0,Average,4.0,Cat_3
466785,Male,No,41,Yes,Marketing,0.0,Low,2.0,Cat_6
461533,Male,No,48,Yes,Healthcare,1.0,Low,2.0,Cat_6
467451,Female,Yes,47,Yes,Artist,0.0,Low,1.0,Cat_1
466395,Female,Yes,37,Yes,Doctor,2.0,High,2.0,Cat_4
464192,Female,Yes,61,No,Lawyer,0.0,High,3.0,Cat_6
459947,Female,No,37,Yes,Artist,3.0,Low,1.0,Cat_6
461401,Male,Yes,43,Yes,Artist,1.0,Average,3.0,Cat_6
460295,Male,No,29,Yes,Artist,9.0,Low,3.0,Cat_6
463432,Male,No,36,Yes,Artist,0.0,Low,1.0,Cat_6
464478,Female,Yes,75,No,Lawyer,0.0,High,2.0,Cat_6
459675,Female,No,18,No,Healthcare,3.0,Low,4.0,Cat_6
459203,Male,Yes,35,Yes,Engineer,0.0,Low,2.0,Cat_6
460306,Female,No,39,Yes,Healthcare,9.0,Low,1.0,Cat_6
464960,Female,No,22,No,Healthcare,0.0,Low,5.0,Cat_4
467607,Female,No,25,No,Engineer,9.0,Low,1.0,Cat_6
464372,Male,Yes,45,Yes,Artist,1.0,Average,6.0,Cat_5
459245,Female,Yes,38,No,Engineer,0.0,Average,4.0,Cat_6
463564,Female,Yes,41,Yes,Doctor,0.0,Low,1.0,Cat_6
461413,Female,No,40,Yes,Artist,2.0,Low,1.0,Cat_6
459877,Male,Yes,37,Yes,Artist,0.0,Average,3.0,Cat_6
463813,Female,No,26,No,Engineer,1.0,Low,6.0,Cat_6
466454,Male,No,33,Yes,Entertainment,1.0,Low,1.0,Cat_6
467862,Female,Yes,47,Yes,Artist,0.0,Low,3.0,Cat_6
460822,Male,Yes,41,Yes,Artist,0.0,Low,2.0,Cat_6
465460,Male,No,49,Yes,Artist,0.0,Low,1.0,Cat_6
462672,Male,No,25,No,Healthcare,7.0,Low,4.0,Cat_4
466792,Female,Yes,82,No,Lawyer,0.0,Low,1.0,Cat_6
461666,Female,Yes,35,Yes,Artist,0.0,High,2.0,Cat_7
461477,Female,No,31,Yes,Healthcare,0.0,Low,3.0,Cat_2
462840,Female,No,23,No,Healthcare,9.0,Low,3.0,Cat_6
467147,Male,No,45,Yes,Entertainment,0.0,Low,1.0,Cat_6
462741,Female,No,26,Yes,Artist,2.0,Low,2.0,Cat_6
460699,Male,No,28,Yes,Artist,9.0,Low,1.0,Cat_6
467045,Male,Yes,51,Yes,Entertainment,0.0,Low,2.0,Cat_6
464954,Male,No,23,No,Healthcare,1.0,Low,4.0,Cat_4
461456,Female,No,40,No,Marketing,0.0,Low,1.0,Cat_6
465704,Male,Yes,55,No,Artist,1.0,Low,1.0,Cat_6
462011,Male,Yes,29,No,Marketing,1.0,Low,4.0,Cat_4
462928,Male,Yes,49,Yes,Artist,2.0,Average,4.0,Cat_2
459416,Male,No,19,No,Artist,10.0,Low,3.0,Cat_6
465140,Male,Yes,45,Yes,Executive,5.0,High,3.0,Cat_7
460375,Male,No,40,Yes,Doctor,4.0,Low,2.0,Cat_6
460345,Female,Yes,40,Yes,Artist,1.0,Average,2.0,Cat_6
462664,Male,Yes,69,No,Artist,2.0,Low,2.0,Cat_6
464219,Male,No,27,Yes,Marketing,1.0,Low,2.0,Cat_3
461454,Female,Yes,35,Yes,Artist,7.0,High,4.0,Cat_7
461318,Female,Yes,56,Yes,Artist,1.0,Average,6.0,Cat_5
460311,Male,No,25,Yes,Entertainment,2.0,Low,3.0,Cat_1
462192,Female,No,23,No,Healthcare,0.0,Low,6.0,Cat_4
464683,Male,Yes,52,No,Engineer,0.0,Average,6.0,Cat_4
461748,Male,No,27,Yes,Healthcare,1.0,Low,5.0,Cat_6
464215,Male,No,72,No,Marketing,1.0,Low,2.0,Cat_6
466249,Female,No,18,No,Healthcare,8.0,Low,4.0,Cat_4
466402,Male,Yes,40,Yes,Artist,0.0,Average,4.0,Cat_6
464351,Female,No,31,Yes,Healthcare,1.0,Low,1.0,Cat_6
461372,Male,No,27,Yes,Artist,3.0,Low,1.0,Cat_2
467971,Female,No,31,Yes,Artist,1.0,Low,4.0,Cat_6
466822,Female,Yes,42,Yes,Entertainment,0.0,Average,4.0,Cat_3
462949,Male,Yes,35,No,Homemaker,1.0,Average,3.0,Cat_6
460777,Male,Yes,74,No,Lawyer,0.0,Low,1.0,Cat_6
463665,Male,Yes,50,Yes,Entertainment,0.0,Average,3.0,Cat_6
466344,Male,No,43,Yes,Entertainment,0.0,Low,2.0,Cat_2
466413,Male,Yes,62,Yes,Artist,1.0,Average,5.0,Cat_6
462573,Male,Yes,59,Yes,Artist,0.0,Average,6.0,Cat_4
464021,Female,No,18,No,Healthcare,1.0,Low,5.0,Cat_6
460825,Male,No,30,Yes,Doctor,1.0,Low,3.0,Cat_4
462218,Male,Yes,53,No,Executive,0.0,Average,5.0,Cat_4
461092,Female,Yes,29,Yes,Homemaker,0.0,High,2.0,Cat_3
461781,Male,Yes,57,Yes,Artist,0.0,Low,2.0,Cat_6
460972,Male,Yes,42,Yes,Artist,14.0,Low,2.0,Cat_6
461587,Male,No,26,Yes,Healthcare,0.0,Low,3.0,Cat_6
462040,Male,No,19,No,Healthcare,5.0,Low,4.0,Cat_2
460611,Male,No,26,Yes,Healthcare,0.0,Low,3.0,Cat_3
460940,Male,Yes,73,Yes,Artist,0.0,Low,1.0,Cat_6
464152,Male,Yes,37,Yes,Artist,0.0,High,4.0,Cat_6
461932,Female,No,21,No,Healthcare,3.0,Low,2.0,Cat_4
463538,Male,Yes,60,No,Executive,0.0,High,2.0,Cat_6
462390,Female,No,28,No,Healthcare,0.0,Low,4.0,Cat_3
463452,Female,Yes,79,Yes,Lawyer,0.0,High,2.0,Cat_6
460000,Male,No,52,Yes,Entertainment,1.0,Low,1.0,Cat_3
466989,Female,Yes,40,Yes,Artist,9.0,Average,2.0,Cat_2
465817,Male,Yes,56,No,Executive,0.0,Low,2.0,Cat_4
462708,Male,Yes,25,Yes,Executive,8.0,High,2.0,Cat_6
461288,Male,No,26,Yes,Doctor,1.0,Low,4.0,Cat_6
463641,Female,No,33,Yes,Marketing,1.0,Low,3.0,Cat_5
464546,Female,Yes,38,Yes,Engineer,8.0,Low,3.0,Cat_6
466306,Male,No,18,No,Healthcare,1.0,Low,4.0,Cat_6
466084,Male,Yes,49,Yes,Homemaker,12.0,Low,1.0,Cat_3
466214,Female,Yes,88,Yes,Lawyer,0.0,Low,2.0,Cat_6
467119,Male,Yes,38,No,Marketing,0.0,High,4.0,Cat_7
463542,Female,Yes,27,No,Artist,6.0,High,5.0,Cat_2
461197,Male,No,28,No,Marketing,0.0,Low,1.0,Cat_3
463525,Female,Yes,40,No,Engineer,0.0,Low,3.0,Cat_6
464288,Female,No,33,Yes,Doctor,9.0,Low,2.0,Cat_6
459550,Male,No,19,No,Healthcare,8.0,Low,5.0,Cat_4
459106,Male,Yes,60,Yes,Artist,1.0,Low,2.0,Cat_6
462315,Male,Yes,65,Yes,Artist,1.0,Average,3.0,Cat_6
467027,Male,No,31,No,Executive,4.0,Low,5.0,Cat_1
463753,Female,No,30,Yes,Healthcare,0.0,Low,5.0,Cat_2
464308,Female,Yes,75,Yes,Lawyer,0.0,High,2.0,Cat_6
460863,Male,Yes,66,Yes,Artist,0.0,Low,5.0,Cat_6
462418,Male,Yes,61,No,Engineer,9.0,Average,4.0,Cat_6
460839,Male,No,23,No,Healthcare,4.0,Low,3.0,Cat_6
462127,Male,Yes,68,Yes,Lawyer,0.0,High,2.0,Cat_6
467599,Female,No,19,No,Healthcare,0.0,Low,3.0,Cat_6
459751,Male,No,28,No,Marketing,0.0,Low,6.0,Cat_6
465090,Male,Yes,57,Yes,Artist,0.0,Average,2.0,Cat_6
463732,Male,No,21,No,Healthcare,0.0,Low,4.0,Cat_6
466456,Female,Yes,43,No,Doctor,9.0,Low,1.0,Cat_2
461792,Female,No,23,No,Healthcare,6.0,Low,5.0,Cat_2
462962,Female,Yes,37,Yes,Artist,4.0,Low,1.0,Cat_3
467095,Male,Yes,41,No,Engineer,0.0,Average,2.0,Cat_7
463120,Female,No,37,Yes,Entertainment,1.0,Low,1.0,Cat_6
462980,Male,No,28,Yes,Entertainment,1.0,Low,5.0,Cat_6
461008,Male,No,26,No,Healthcare,1.0,Low,4.0,Cat_3
467300,Female,Yes,50,Yes,Artist,0.0,Low,1.0,Cat_6
459781,Male,No,47,No,Entertainment,1.0,Low,1.0,Cat_6
461113,Female,No,23,No,Healthcare,1.0,Low,4.0,Cat_3
467951,Male,No,31,Yes,Entertainment,1.0,Low,3.0,Cat_6
464001,Male,Yes,59,Yes,Artist,0.0,Average,2.0,Cat_6
463512,Female,No,30,No,Engineer,0.0,Low,3.0,Cat_6
462087,Female,No,31,Yes,Healthcare,9.0,Low,3.0,Cat_2
461127,Male,No,23,No,Healthcare,1.0,Low,5.0,Cat_4
459950,Female,No,40,Yes,Artist,0.0,Low,1.0,Cat_6
462475,Male,Yes,35,Yes,Artist,0.0,Average,2.0,Cat_6
467047,Female,No,37,No,Homemaker,9.0,Low,1.0,Cat_6
467295,Male,No,29,No,Healthcare,0.0,Low,3.0,Cat_6
464664,Male,Yes,39,No,Entertainment,1.0,Average,5.0,Cat_4
463961,Female,No,30,No,Engineer,0.0,Low,4.0,Cat_4
462297,Female,No,29,Yes,Artist,14.0,Low,2.0,Cat_6
460262,Male,No,28,No,Executive,9.0,Low,4.0,Cat_6
461044,Male,No,21,No,Healthcare,1.0,Low,5.0,Cat_4
467894,Male,Yes,58,Yes,Artist,0.0,Average,2.0,Cat_6
467738,Male,Yes,43,Yes,Doctor,3.0,Average,2.0,Cat_6
466609,Female,Yes,47,Yes,Artist,0.0,Average,5.0,Cat_6
462772,Male,Yes,37,Yes,Healthcare,1.0,High,4.0,Cat_6
464703,Male,Yes,40,No,Doctor,1.0,Average,5.0,Cat_4
467256,Male,No,33,No,Healthcare,0.0,Low,4.0,Cat_2
461444,Female,Yes,68,Yes,Artist,1.0,High,2.0,Cat_6
465325,Female,Yes,50,Yes,Artist,4.0,Low,2.0,Cat_6
463782,Female,No,29,Yes,Artist,8.0,Low,1.0,Cat_6
464370,Male,Yes,65,Yes,Entertainment,0.0,Average,2.0,Cat_6
462398,Female,Yes,62,Yes,Artist,1.0,Low,4.0,Cat_4
459247,Male,Yes,60,Yes,Executive,0.0,Average,5.0,Cat_6
460891,Female,Yes,36,No,Artist,2.0,Average,4.0,Cat_3
465812,Male,Yes,47,No,Artist,0.0,Average,5.0,Cat_4
461134,Male,Yes,32,Yes,Doctor,0.0,Low,3.0,Cat_6
464668,Male,Yes,32,No,Healthcare,1.0,High,4.0,Cat_4
463859,Male,Yes,39,Yes,Artist,6.0,Average,2.0,Cat_6
459375,Male,Yes,18,No,Executive,0.0,High,4.0,Cat_6
464828,Male,No,18,No,Healthcare,8.0,Low,6.0,Cat_4
465899,Female,No,38,Yes,Doctor,9.0,Low,2.0,Cat_6
465130,Female,Yes,50,Yes,Artist,0.0,Average,9.0,Cat_6
460259,Male,No,21,No,Healthcare,1.0,Low,4.0,Cat_2
462864,Female,No,30,Yes,Healthcare,12.0,Low,6.0,Cat_6
466632,Female,Yes,57,Yes,Artist,1.0,High,2.0,Cat_6
462850,Male,No,21,No,Healthcare,1.0,Low,4.0,Cat_6
465988,Female,Yes,58,Yes,Homemaker,0.0,High,2.0,Cat_5
460209,Female,Yes,26,Yes,Entertainment,5.0,Low,7.0,Cat_6
466369,Female,No,38,No,Homemaker,5.0,Low,1.0,Cat_2
463455,Male,Yes,46,No,Artist,0.0,Low,2.0,Cat_6
462601,Female,Yes,67,No,Lawyer,1.0,High,4.0,Cat_4
465499,Male,No,63,Yes,Artist,0.0,Low,1.0,Cat_6
465661,Male,No,59,Yes,Entertainment,1.0,Low,1.0,Cat_6
466848,Female,Yes,65,Yes,Artist,1.0,Low,2.0,Cat_6
464922,Female,No,20,No,Healthcare,0.0,Low,5.0,Cat_4
459725,Female,Yes,35,Yes,Artist,1.0,Low,2.0,Cat_6
460320,Male,No,26,No,Artist,11.0,Low,4.0,Cat_6
462187,Female,No,50,Yes,Artist,4.0,Low,1.0,Cat_6
462294,Male,Yes,30,No,Healthcare,1.0,Average,4.0,Cat_6
463234,Female,No,22,No,Engineer,1.0,Low,4.0,Cat_6
462578,Male,Yes,38,Yes,Artist,8.0,Average,2.0,Cat_4
460370,Female,Yes,28,Yes,Executive,8.0,High,2.0,Cat_6
461745,Male,Yes,46,No,Entertainment,8.0,Low,1.0,Cat_3
464031,Female,No,23,No,Healthcare,1.0,Low,4.0,Cat_6
467378,Female,Yes,56,Yes,Artist,1.0,Average,2.0,Cat_6
465718,Female,Yes,49,Yes,Marketing,9.0,Low,2.0,Cat_6
459320,Male,Yes,26,Yes,Executive,0.0,Low,3.0,Cat_6
466063,Female,Yes,48,Yes,Entertainment,0.0,Low,1.0,Cat_3
466996,Female,No,37,Yes,Artist,9.0,Low,1.0,Cat_6
464563,Male,Yes,42,Yes,Artist,0.0,Average,2.0,Cat_6
459128,Female,Yes,78,No,Lawyer,0.0,High,3.0,Cat_6
460785,Male,No,29,Yes,Healthcare,0.0,Low,4.0,Cat_7
464189,Female,No,42,Yes,Artist,1.0,Low,2.0,Cat_6
461713,Female,No,27,Yes,Artist,1.0,Low,5.0,Cat_6
463190,Female,Yes,61,Yes,Artist,0.0,Average,2.0,Cat_4
467475,Female,Yes,66,Yes,Artist,0.0,Average,3.0,Cat_6
467838,Male,Yes,60,Yes,Artist,1.0,Average,2.0,Cat_6
462569,Female,No,32,No,Doctor,7.0,Low,4.0,Cat_3
465893,Female,Yes,43,Yes,Engineer,0.0,Average,2.0,Cat_6
464739,Male,Yes,67,Yes,Artist,1.0,Low,1.0,Cat_4
461122,Male,Yes,26,No,Entertainment,8.0,Low,2.0,Cat_4
465798,Female,No,41,Yes,Healthcare,0.0,Low,3.0,Cat_6
462252,Male,No,47,Yes,Entertainment,4.0,Low,1.0,Cat_6
466056,Female,No,36,Yes,Artist,1.0,Low,1.0,Cat_4
467297,Female,Yes,53,Yes,Artist,1.0,Average,3.0,Cat_6
466116,Male,Yes,62,Yes,Artist,0.0,Average,9.0,Cat_3
461849,Male,No,32,No,Healthcare,0.0,Low,4.0,Cat_6
462446,Male,No,22,No,Healthcare,0.0,Low,4.0,Cat_6
461731,Male,Yes,79,No,Entertainment,0.0,Low,1.0,Cat_6
462579,Female,Yes,68,No,Lawyer,1.0,Low,2.0,Cat_4
466777,Female,Yes,49,Yes,Homemaker,8.0,Average,2.0,Cat_6
464250,Male,Yes,53,Yes,Executive,6.0,High,3.0,Cat_6
466242,Female,No,35,No,Engineer,1.0,Low,1.0,Cat_4
464471,Male,Yes,30,Yes,Doctor,0.0,Low,3.0,Cat_6
461642,Male,No,41,Yes,Artist,9.0,Low,2.0,Cat_6
460663,Female,No,33,No,Homemaker,9.0,Low,1.0,Cat_6
463253,Female,Yes,61,Yes,Doctor,0.0,Average,4.0,Cat_7
464744,Male,Yes,55,Yes,Entertainment,0.0,Low,4.0,Cat_4
464075,Female,Yes,86,Yes,Lawyer,0.0,High,2.0,Cat_6
463599,Female,No,31,No,Healthcare,10.0,Low,2.0,Cat_3
459068,Female,No,33,Yes,Healthcare,2.0,Low,2.0,Cat_6
462763,Male,No,23,No,Healthcare,0.0,Low,4.0,Cat_6
463908,Female,Yes,37,Yes,Artist,9.0,Low,2.0,Cat_6
463169,Female,Yes,85,Yes,Lawyer,0.0,Low,1.0,Cat_3
464129,Male,Yes,52,Yes,Executive,1.0,High,4.0,Cat_1
462137,Male,No,28,Yes,Doctor,1.0,Low,1.0,Cat_6
462535,Male,No,26,No,Doctor,1.0,Low,3.0,Cat_6
464006,Male,No,32,No,Healthcare,0.0,Low,5.0,Cat_6
461620,Male,No,52,Yes,Entertainment,1.0,Low,2.0,Cat_6
462545,Male,No,33,No,Engineer,1.0,Low,3.0,Cat_4
461660,Female,Yes,74,No,Lawyer,0.0,Low,1.0,Cat_6
461926,Female,Yes,63,Yes,Artist,4.0,Average,4.0,Cat_6
460661,Female,No,33,No,Homemaker,9.0,Low,1.0,Cat_6
461695,Female,Yes,45,Yes,Artist,3.0,Average,2.0,Cat_6
461508,Male,No,33,Yes,Artist,8.0,Low,1.0,Cat_6
464124,Female,Yes,74,Yes,Doctor,1.0,Low,2.0,Cat_6
463800,Female,No,33,Yes,Engineer,1.0,Low,3.0,Cat_6
462174,Female,Yes,40,Yes,Engineer,8.0,Average,4.0,Cat_4
461193,Female,No,41,Yes,Marketing,1.0,Low,1.0,Cat_6
465693,Female,Yes,25,Yes,Healthcare,1.0,High,4.0,Cat_4
460090,Male,Yes,86,No,Lawyer,2.0,Average,2.0,Cat_6
461925,Female,No,33,Yes,Artist,0.0,Low,5.0,Cat_3
459567,Male,Yes,48,Yes,Doctor,1.0,Average,2.0,Cat_6
464670,Male,Yes,42,No,Entertainment,0.0,Average,4.0,Cat_4
459615,Male,Yes,84,No,Lawyer,1.0,Low,1.0,Cat_6
462476,Male,Yes,45,Yes,Artist,4.0,Average,2.0,Cat_6
467316,Female,No,42,Yes,Doctor,0.0,Low,1.0,Cat_6
463929,Male,Yes,51,Yes,Doctor,11.0,Average,2.0,Cat_6
462821,Male,No,18,No,Healthcare,0.0,Low,3.0,Cat_1
466657,Female,Yes,86,Yes,Lawyer,0.0,High,2.0,Cat_6
459628,Female,Yes,51,Yes,Engineer,0.0,Low,1.0,Cat_6
462330,Female,No,30,No,Artist,1.0,Low,1.0,Cat_6
463149,Male,Yes,60,Yes,Artist,3.0,Average,2.0,Cat_6
459009,Female,Yes,50,Yes,Artist,1.0,Average,3.0,Cat_6
465675,Female,No,47,No,Entertainment,0.0,Low,1.0,Cat_4
462110,Male,Yes,32,Yes,Artist,14.0,Average,2.0,Cat_6
464494,Female,Yes,55,Yes,Artist,1.0,Average,4.0,Cat_3
464796,Male,Yes,43,No,Marketing,3.0,High,4.0,Cat_4
459886,Male,Yes,26,No,Artist,1.0,Low,4.0,Cat_6
461970,Female,No,38,Yes,Artist,9.0,Low,1.0,Cat_6
467606,Male,Yes,38,Yes,Executive,0.0,Average,3.0,Cat_6
459188,Male,No,27,No,Healthcare,1.0,Low,3.0,Cat_6
462249,Male,No,29,No,Entertainment,0.0,Low,3.0,Cat_6
467492,Female,Yes,57,Yes,Doctor,1.0,Low,2.0,Cat_7
461737,Female,Yes,48,Yes,Doctor,1.0,Average,6.0,Cat_4
463389,Female,Yes,50,Yes,Artist,0.0,Average,2.0,Cat_3
459878,Male,Yes,47,No,Entertainment,1.0,Average,5.0,Cat_6
464305,Female,Yes,73,Yes,Lawyer,1.0,High,2.0,Cat_6
462486,Male,Yes,51,Yes,Executive,1.0,Average,5.0,Cat_6
466840,Male,No,20,No,Healthcare,4.0,Low,5.0,Cat_2
466229,Male,Yes,56,Yes,Executive,0.0,High,1.0,Cat_6
467638,Male,Yes,71,Yes,Artist,1.0,Average,2.0,Cat_6
467176,Male,No,27,No,Healthcare,1.0,Low,3.0,Cat_3
466442,Male,No,38,Yes,Artist,1.0,Low,1.0,Cat_6
464928,Female,Yes,50,Yes,Artist,1.0,Low,3.0,Cat_4
462454,Male,No,19,No,Healthcare,1.0,Low,3.0,Cat_2
463726,Female,No,33,No,Healthcare,1.0,Low,3.0,Cat_6
462532,Male,No,32,Yes,Doctor,0.0,Low,4.0,Cat_2
461428,Male,No,49,Yes,Artist,1.0,Low,1.0,Cat_6
459232,Female,Yes,59,Yes,Artist,0.0,High,2.0,Cat_6
466309,Male,No,21,No,Healthcare,1.0,Low,4.0,Cat_6
467405,Female,No,37,Yes,Artist,1.0,Low,1.0,Cat_4
459860,Male,Yes,75,No,Executive,1.0,High,2.0,Cat_6
460250,Male,No,27,Yes,Healthcare,8.0,Low,4.0,Cat_6
459312,Male,No,22,No,Healthcare,1.0,Low,4.0,Cat_4
466832,Female,Yes,69,Yes,Artist,0.0,Average,2.0,Cat_4
465124,Female,Yes,29,Yes,Healthcare,6.0,Average,2.0,Cat_6
466916,Male,Yes,87,Yes,Lawyer,3.0,Low,1.0,Cat_6
467868,Female,Yes,69,Yes,Entertainment,1.0,High,2.0,Cat_6
462391,Female,No,26,No,Healthcare,1.0,Low,8.0,Cat_7
464640,Female,No,28,No,Marketing,0.0,Low,5.0,Cat_4
463680,Female,No,39,No,Engineer,1.0,Low,3.0,Cat_3
461991,Male,No,23,No,Doctor,0.0,Low,4.0,Cat_6
460733,Male,No,50,Yes,Marketing,3.0,Low,4.0,Cat_6
467610,Female,Yes,84,Yes,Lawyer,2.0,Low,1.0,Cat_6
465594,Male,Yes,29,No,Executive,4.0,Low,6.0,Cat_3
466379,Female,Yes,58,Yes,Homemaker,2.0,Low,1.0,Cat_6
463687,Female,No,31,No,Healthcare,0.0,Low,5.0,Cat_2
464164,Female,Yes,81,Yes,Lawyer,0.0,High,2.0,Cat_6
460964,Male,Yes,84,No,Lawyer,1.0,High,2.0,Cat_6
464144,Male,Yes,60,Yes,Artist,0.0,Average,4.0,Cat_6
463214,Female,No,25,No,Engineer,1.0,Low,1.0,Cat_6
463719,Female,No,26,No,Doctor,0.0,Low,1.0,Cat_6
463534,Female,No,31,Yes,Engineer,1.0,Low,4.0,Cat_4
460304,Female,No,53,No,Lawyer,1.0,Low,1.0,Cat_6
463341,Female,Yes,48,No,Engineer,1.0,Average,6.0,Cat_3
463028,Male,No,33,No,Doctor,1.0,Low,4.0,Cat_6
462883,Female,Yes,28,Yes,Artist,8.0,Low,4.0,Cat_6
461682,Male,Yes,75,No,Executive,1.0,High,2.0,Cat_6
466797,Female,No,23,No,Healthcare,1.0,Low,4.0,Cat_6
460071,Female,No,53,Yes,Engineer,1.0,Low,1.0,Cat_6
465013,Female,Yes,82,No,Lawyer,0.0,High,2.0,Cat_6
460104,Male,No,53,Yes,Entertainment,1.0,Low,3.0,Cat_4
464114,Female,No,36,No,Doctor,0.0,Low,2.0,Cat_6
460525,Male,Yes,30,Yes,Entertainment,1.0,Average,2.0,Cat_3
462631,Female,Yes,35,No,Engineer,2.0,High,4.0,Cat_4
467303,Male,Yes,38,Yes,Doctor,3.0,Average,2.0,Cat_6
467310,Female,Yes,88,Yes,Lawyer,0.0,High,3.0,Cat_6
464495,Female,No,33,No,Marketing,1.0,Low,9.0,Cat_6
463550,Female,Yes,38,Yes,Artist,1.0,Average,2.0,Cat_4
462988,Female,Yes,27,Yes,Healthcare,9.0,High,2.0,Cat_6
463754,Male,No,33,Yes,Entertainment,1.0,Low,4.0,Cat_2
466951,Female,Yes,52,Yes,Artist,0.0,High,3.0,Cat_6
462714,Female,Yes,40,Yes,Engineer,1.0,High,5.0,Cat_2
466401,Male,Yes,48,No,Executive,1.0,Average,4.0,Cat_6
459492,Female,Yes,72,Yes,Lawyer,1.0,High,2.0,Cat_6
459402,Female,Yes,51,Yes,Artist,1.0,Average,4.0,Cat_6
459031,Male,Yes,43,No,Executive,1.0,High,5.0,Cat_4
460160,Male,No,43,Yes,Entertainment,5.0,Low,1.0,Cat_3
465050,Male,Yes,74,Yes,Lawyer,1.0,High,2.0,Cat_6
459215,Female,Yes,58,Yes,Artist,0.0,Low,3.0,Cat_3
464103,Male,Yes,47,Yes,Artist,3.0,Average,2.0,Cat_6
463956,Female,No,28,No,Entertainment,0.0,Low,5.0,Cat_2
462885,Male,Yes,28,No,Executive,1.0,High,3.0,Cat_6
462912,Female,No,26,Yes,Homemaker,8.0,Low,2.0,Cat_6
461418,Male,No,45,Yes,Artist,0.0,Low,4.0,Cat_6
464042,Female,Yes,42,Yes,Artist,9.0,Low,2.0,Cat_6
465186,Female,Yes,38,No,Artist,4.0,Average,4.0,Cat_1
459309,Female,Yes,41,Yes,Artist,9.0,High,2.0,Cat_2
461085,Female,No,31,No,Engineer,1.0,Low,1.0,Cat_3
461059,Female,Yes,48,No,Lawyer,1.0,High,2.0,Cat_6
459889,Male,Yes,63,Yes,Homemaker,8.0,Average,3.0,Cat_6
467070,Male,Yes,40,No,Executive,5.0,Low,4.0,Cat_6
459701,Male,No,47,No,Artist,3.0,Low,3.0,Cat_5
463215,Female,Yes,37,Yes,Engineer,0.0,High,2.0,Cat_6
461992,Female,No,37,Yes,Doctor,1.0,Low,1.0,Cat_4
465486,Female,Yes,59,No,Artist,1.0,High,2.0,Cat_6
464553,Male,Yes,70,Yes,Artist,1.0,Low,2.0,Cat_6
465872,Female,No,33,Yes,Engineer,10.0,Low,1.0,Cat_6
460746,Male,No,22,No,Marketing,1.0,Low,3.0,Cat_6
467952,Female,Yes,89,Yes,Lawyer,0.0,High,2.0,Cat_6
462122,Male,Yes,42,No,Entertainment,6.0,Low,3.0,Cat_6
465359,Female,Yes,40,No,Artist,1.0,Low,1.0,Cat_6
466937,Male,Yes,62,No,Entertainment,1.0,Average,2.0,Cat_6
461400,Male,No,36,No,Marketing,0.0,Low,1.0,Cat_6
462351,Male,Yes,77,No,Lawyer,1.0,High,2.0,Cat_6
462305,Male,Yes,36,Yes,Artist,0.0,Average,5.0,Cat_6
459925,Male,Yes,68,No,Executive,1.0,High,2.0,Cat_4
460768,Female,No,32,No,Engineer,9.0,Low,4.0,Cat_5
461971,Male,Yes,50,Yes,Entertainment,1.0,Average,4.0,Cat_3
463354,Male,Yes,53,Yes,Executive,4.0,High,4.0,Cat_6
465631,Male,No,35,Yes,Artist,9.0,Low,1.0,Cat_6
466685,Female,No,19,No,Healthcare,0.0,Low,5.0,Cat_6
459185,Female,No,25,Yes,Entertainment,5.0,Low,1.0,Cat_6
461407,Female,No,32,Yes,Marketing,8.0,Low,6.0,Cat_1
459714,Male,No,22,No,Doctor,2.0,Low,4.0,Cat_6
467708,Female,No,42,Yes,Healthcare,8.0,Low,1.0,Cat_7
467089,Male,Yes,69,No,Artist,0.0,Average,3.0,Cat_6
467402,Female,No,28,Yes,Artist,5.0,Low,4.0,Cat_6
463157,Male,Yes,46,Yes,Entertainment,5.0,Low,3.0,Cat_6
463232,Female,No,23,No,Healthcare,2.0,Low,5.0,Cat_6
465163,Male,Yes,46,Yes,Artist,11.0,Average,5.0,Cat_6
459479,Male,Yes,70,No,Marketing,1.0,Low,2.0,Cat_6
461051,Female,Yes,71,Yes,Entertainment,1.0,Average,2.0,Cat_6
465484,Female,Yes,57,Yes,Artist,0.0,Low,2.0,Cat_6
461332,Male,No,30,No,Healthcare,1.0,Low,4.0,Cat_2
463207,Female,Yes,51,Yes,Artist,1.0,Average,2.0,Cat_6
463243,Male,No,19,No,Healthcare,0.0,Low,3.0,Cat_6
467866,Male,Yes,50,Yes,Artist,1.0,Average,3.0,Cat_6
461387,Female,No,22,No,Healthcare,5.0,Low,3.0,Cat_2
462947,Female,Yes,46,Yes,Artist,1.0,Low,1.0,Cat_6
467934,Female,No,40,Yes,Artist,1.0,Low,1.0,Cat_6
461565,Male,Yes,51,Yes,Entertainment,4.0,Average,2.0,Cat_2
459641,Female,Yes,58,Yes,Artist,4.0,Average,5.0,Cat_6
464910,Female,Yes,45,Yes,Artist,0.0,Average,5.0,Cat_4
466717,Female,Yes,69,No,Entertainment,1.0,Low,2.0,Cat_3
467871,Female,No,29,No,Marketing,4.0,Low,3.0,Cat_6
463370,Male,Yes,46,Yes,Doctor,2.0,Low,4.0,Cat_3
461550,Male,Yes,37,Yes,Entertainment,7.0,Low,2.0,Cat_6
467053,Male,No,22,No,Healthcare,6.0,Low,4.0,Cat_6
462506,Male,No,31,No,Healthcare,1.0,Low,4.0,Cat_6
464554,Female,No,35,Yes,Artist,0.0,Low,7.0,Cat_2
462366,Male,Yes,50,No,Engineer,1.0,Low,2.0,Cat_6
467200,Female,No,75,Yes,Lawyer,0.0,Low,2.0,Cat_6
463218,Male,Yes,42,No,Entertainment,9.0,Average,3.0,Cat_6
462272,Male,Yes,56,No,Artist,0.0,Average,2.0,Cat_6
462796,Female,No,37,Yes,Entertainment,1.0,Low,2.0,Cat_7
466725,Female,Yes,89,No,Lawyer,0.0,High,2.0,Cat_6
462031,Female,Yes,50,Yes,Artist,0.0,Average,2.0,Cat_6
459127,Male,No,43,Yes,Healthcare,1.0,Low,7.0,Cat_6
466542,Female,Yes,73,Yes,Lawyer,1.0,High,2.0,Cat_6
467107,Male,Yes,36,Yes,Engineer,1.0,Average,3.0,Cat_4
461321,Male,Yes,50,Yes,Artist,13.0,Low,1.0,Cat_6
463660,Male,Yes,85,Yes,Lawyer,1.0,Low,1.0,Cat_6
465289,Male,Yes,25,Yes,Executive,1.0,High,2.0,Cat_6
461438,Female,Yes,39,Yes,Engineer,8.0,Average,2.0,Cat_6
466405,Female,Yes,43,Yes,Entertainment,0.0,Average,2.0,Cat_3
460406,Male,Yes,39,Yes,Healthcare,4.0,Low,2.0,Cat_6
459760,Female,Yes,42,Yes,Artist,8.0,Low,1.0,Cat_6
462073,Female,No,36,Yes,Artist,6.0,Low,1.0,Cat_6
465504,Male,No,42,Yes,Entertainment,0.0,Low,2.0,Cat_6
466436,Male,Yes,42,No,Doctor,0.0,Average,3.0,Cat_6
462507,Male,No,39,No,Entertainment,0.0,Low,3.0,Cat_6
466622,Female,No,47,Yes,Entertainment,1.0,Low,1.0,Cat_6
463151,Male,Yes,60,Yes,Artist,1.0,Low,1.0,Cat_3
462816,Male,Yes,76,No,Entertainment,0.0,Low,1.0,Cat_6
463402,Male,No,19,No,Healthcare,7.0,Low,4.0,Cat_4
467534,Male,Yes,48,No,Entertainment,5.0,Average,2.0,Cat_2
464946,Male,Yes,53,Yes,Executive,9.0,Low,1.0,Cat_4
465775,Female,No,31,Yes,Engineer,9.0,Low,3.0,Cat_6
466476,Female,No,29,No,Healthcare,0.0,Low,3.0,Cat_6
466453,Male,Yes,41,Yes,Entertainment,2.0,Average,2.0,Cat_6
466000,Male,Yes,38,Yes,Doctor,5.0,Low,2.0,Cat_1
467309,Female,No,35,Yes,Engineer,2.0,Low,1.0,Cat_7
460173,Female,Yes,40,Yes,Artist,1.0,Low,3.0,Cat_6
461433,Male,Yes,70,Yes,Doctor,1.0,High,3.0,Cat_6
463103,Male,Yes,45,No,Executive,1.0,Average,4.0,Cat_6
462156,Female,Yes,43,Yes,Artist,4.0,Average,2.0,Cat_3
459334,Male,Yes,36,Yes,Healthcare,3.0,Low,3.0,Cat_6
459690,Female,No,43,Yes,Artist,1.0,Low,1.0,Cat_6
460621,Male,Yes,77,Yes,Lawyer,0.0,Low,2.0,Cat_3
464675,Female,Yes,41,No,Doctor,0.0,Average,9.0,Cat_4
463762,Male,Yes,31,No,Executive,1.0,High,3.0,Cat_6
465624,Male,No,39,Yes,Artist,8.0,Low,3.0,Cat_6
463623,Male,No,33,Yes,Doctor,0.0,Low,3.0,Cat_6
460382,Male,Yes,32,No,Marketing,4.0,Low,3.0,Cat_6
462961,Female,Yes,56,No,Engineer,1.0,Average,5.0,Cat_6
464536,Male,Yes,28,Yes,Artist,0.0,Average,3.0,Cat_6
465102,Male,Yes,57,Yes,Lawyer,1.0,High,2.0,Cat_6
461635,Male,Yes,43,Yes,Executive,6.0,High,3.0,Cat_6
459024,Male,Yes,50,Yes,Artist,0.0,Average,5.0,Cat_6
460477,Male,No,32,No,Entertainment,0.0,Low,6.0,Cat_3
463199,Female,Yes,52,Yes,Artist,1.0,Low,3.0,Cat_4
464199,Male,Yes,25,Yes,Artist,8.0,Low,2.0,Cat_7
460143,Male,Yes,38,Yes,Entertainment,0.0,Low,2.0,Cat_4
460329,Male,No,45,Yes,Entertainment,6.0,Low,2.0,Cat_6
467579,Male,No,38,Yes,Doctor,7.0,Low,1.0,Cat_6
461711,Female,No,35,Yes,Artist,8.0,Low,3.0,Cat_2
466142,Female,Yes,29,Yes,Entertainment,0.0,Average,2.0,Cat_6
464842,Male,No,35,Yes,Artist,0.0,Low,2.0,Cat_4
467775,Female,No,41,Yes,Artist,0.0,Low,1.0,Cat_7
