ID,Gender,Ever_Married,Age,Graduated,Profession,Work_Experience,Spending_Score,Family_Size
5333,Male,,42,Yes,Doctor,8.0,Low,1.0
5334,Female,,45,No,Entertainment,8.0,Low,2.0
5335,Female,,35,No,Artist,5.0,Low,4.0
5336,Female,,41,Yes,Artist,1.0,Low,2.0
5337,Female,,33,No,Homemaker,9.0,Low,1.0
5338,Female,,40,No,Marketing,,Low,1.0
5339,Female,,29,No,Engineer,,Low,5.0
5340,Female,Yes,48,Yes,Homemaker,1.0,High,2.0
5341,Male,Yes,66,Yes,Lawyer,,Low,1.0
5342,Female,,28,No,Healthcare,3.0,Low,2.0
5343,Female,,50,No,Engineer,1.0,Low,1.0
5344,Male,Yes,88,Yes,Lawyer,,High,2.0
5345,Male,Yes,60,Yes,Executive,1.0,High,6.0
5346,Male,Yes,58,Yes,Artist,1.0,Average,3.0
5347,Male,Yes,48,Yes,Artist,4.0,Low,1.0
5348,Female,Yes,25,No,Homemaker,11.0,Average,3.0
5349,Female,Yes,47,Yes,Artist,6.0,Low,2.0
5350,Male,Yes,37,Yes,Entertainment,11.0,Low,6.0
5351,Male,Yes,22,No,Executive,1.0,High,3.0
5352,Female,,36,No,Doctor,,Low,2.0
5353,Male,,37,No,Healthcare,,Low,5.0
5354,Female,Yes,81,Yes,Lawyer,,High,2.0
5355,Male,,77,Yes,Lawyer,,Low,1.0
5356,Male,,31,No,Entertainment,1.0,Low,1.0
5357,Female,,32,Yes,Doctor,1.0,Low,6.0
5358,Female,,33,Yes,Healthcare,1.0,Low,5.0
5359,Female,Yes,57,Yes,Artist,1.0,High,3.0
5360,Male,,26,No,Artist,,Low,2.0
5361,Male,Yes,35,Yes,Artist,1.0,Average,4.0
5362,Female,Yes,66,No,Engineer,6.0,Average,4.0
5363,Female,Yes,45,Yes,Artist,5.0,Average,2.0
5364,Female,,33,No,Marketing,1.0,Low,9.0
5365,Male,Yes,62,Yes,Artist,2.0,Average,4.0
5366,Male,Yes,68,Yes,Artist,1.0,Low,1.0
5367,Male,Yes,31,No,Executive,9.0,Average,2.0
5368,Male,,43,Yes,Artist,,Low,1.0
5369,Female,,37,No,Homemaker,8.0,Low,1.0
5370,Female,Yes,65,Yes,Lawyer,1.0,Low,1.0
5371,Female,,55,Yes,Artist,3.0,Low,1.0
5372,Female,Yes,46,Yes,Artist,,Average,2.0
5373,Male,Yes,28,Yes,Engineer,,Average,2.0
5374,Female,,31,No,Doctor,,Low,4.0
5375,Male,,20,No,Doctor,,Low,4.0
5376,Male,,47,No,Entertainment,1.0,Low,1.0
5377,Female,Yes,51,No,Engineer,,Low,4.0
5378,Male,,18,No,Healthcare,1.0,Low,5.0
5379,Female,,31,No,Entertainment,11.0,Low,5.0
5380,Female,Yes,47,Yes,Artist,7.0,Average,2.0
5381,Female,Yes,58,Yes,Doctor,5.0,Average,3.0
5382,Male,Yes,41,Yes,Entertainment,,Low,1.0
5383,Female,Yes,31,Yes,Artist,,Average,2.0
5384,Male,,19,No,Healthcare,,Low,3.0
5385,Male,,53,Yes,Entertainment,1.0,Low,3.0
5386,Female,Yes,89,No,Lawyer,1.0,High,2.0
5387,Female,Yes,37,Yes,Artist,4.0,Low,4.0
5388,Male,Yes,63,Yes,Artist,1.0,Average,4.0
5389,Male,Yes,65,Yes,Artist,7.0,High,2.0
5390,Female,,39,Yes,Doctor,9.0,Low,3.0
5391,Male,Yes,51,Yes,Artist,5.0,Average,3.0
5392,Female,,36,Yes,Doctor,,Low,2.0
5393,Female,,30,No,Doctor,,Low,4.0
5394,Female,,89,Yes,Lawyer,2.0,Low,1.0
5395,Male,Yes,61,No,Engineer,9.0,Average,4.0
5396,Male,Yes,52,Yes,Lawyer,8.0,High,2.0
5397,Female,Yes,33,No,Engineer,5.0,High,3.0
5398,Female,Yes,43,Yes,Engineer,9.0,Average,2.0
5399,Male,,49,Yes,Entertainment,,Low,1.0
5400,Female,Yes,48,Yes,Artist,,Average,5.0
5401,Male,,18,No,Doctor,,Low,6.0
5402,Male,Yes,51,Yes,Artist,8.0,Low,3.0
5403,Male,,35,Yes,Lawyer,1.0,Low,1.0
5404,Female,Yes,41,No,Marketing,8.0,Low,2.0
5405,Female,Yes,65,No,Engineer,,Average,2.0
5406,Male,Yes,83,Yes,Lawyer,,Low,2.0
5407,Male,Yes,65,No,Entertainment,1.0,Low,1.0
5408,Female,Yes,79,Yes,Lawyer,1.0,Low,1.0
5409,Male,Yes,62,No,Artist,1.0,Average,2.0
5410,Male,,28,Yes,Doctor,1.0,Low,3.0
5411,Male,Yes,41,No,Entertainment,2.0,Average,5.0
5412,Female,,43,Yes,Artist,8.0,Low,2.0
5413,Male,Yes,59,No,Engineer,1.0,Low,2.0
5414,Male,,26,No,Doctor,,Low,6.0
5415,Male,Yes,39,Yes,Healthcare,1.0,Low,3.0
5416,Female,Yes,55,Yes,Artist,1.0,Low,1.0
5417,Female,,20,No,Healthcare,,Low,4.0
5418,Male,Yes,38,Yes,Entertainment,8.0,Low,2.0
5419,Male,,32,No,Healthcare,,Low,4.0
5420,Male,Yes,60,No,Engineer,,Average,3.0
5421,Female,,33,Yes,Engineer,,Low,3.0
5422,Male,,39,Yes,Doctor,4.0,Low,3.0
5423,Male,,33,Yes,Healthcare,,Low,2.0
5424,Male,,22,No,Healthcare,1.0,Low,4.0
5425,Female,,27,Yes,Doctor,14.0,Low,8.0
5426,Male,Yes,42,No,Engineer,9.0,Low,3.0
5427,Male,Yes,83,Yes,Executive,,High,2.0
5428,Female,Yes,69,Yes,Artist,,Low,2.0
5429,Female,,49,Yes,Marketing,,Low,5.0
5430,Male,Yes,40,Yes,Artist,13.0,High,1.0
5431,Male,,35,Yes,Artist,8.0,Low,1.0
5432,Male,,27,No,Entertainment,,Low,3.0
5433,Female,,32,No,Doctor,7.0,Low,4.0
5434,Male,Yes,51,Yes,Doctor,8.0,Average,3.0
5435,Female,,32,Yes,Artist,1.0,Low,2.0
5436,Male,Yes,45,Yes,Artist,,Average,4.0
5437,Female,Yes,56,Yes,Artist,,Average,5.0
5438,Female,Yes,31,No,Engineer,8.0,Low,2.0
5439,Male,Yes,39,No,Entertainment,,Average,2.0
5440,Male,Yes,40,Yes,Artist,,Low,2.0
5441,Male,,37,Yes,Artist,9.0,Low,1.0
5442,Male,Yes,66,No,Lawyer,,High,3.0
5443,Female,,35,No,Entertainment,1.0,Low,1.0
5444,Female,Yes,35,Yes,Engineer,,Low,3.0
5445,Female,,25,No,Healthcare,14.0,Low,3.0
5446,Male,Yes,37,Yes,Entertainment,,Average,2.0
5447,Male,,36,Yes,Artist,13.0,Low,1.0
5448,Male,Yes,46,Yes,Doctor,7.0,Average,2.0
5449,Female,Yes,83,No,Lawyer,1.0,High,2.0
5450,Male,,21,No,Healthcare,1.0,Low,4.0
5451,Male,,21,No,Healthcare,1.0,Low,4.0
5452,Female,Yes,47,Yes,Engineer,,Average,4.0
5453,Male,,27,No,Healthcare,,Low,4.0
5454,Female,Yes,52,Yes,Artist,8.0,Average,4.0
5455,Female,,40,Yes,Healthcare,6.0,Low,2.0
5456,Male,Yes,33,Yes,Entertainment,1.0,Low,2.0
5457,Female,Yes,41,Yes,Engineer,1.0,Average,4.0
5458,Female,Yes,76,Yes,Lawyer,1.0,High,2.0
5459,Male,Yes,39,No,Artist,7.0,Average,3.0
5460,Female,Yes,40,Yes,Artist,6.0,Average,2.0
5461,Female,,51,Yes,Artist,,Low,1.0
5462,Female,Yes,73,No,Lawyer,1.0,High,3.0
5463,Male,,30,No,Healthcare,,Low,4.0
5464,Female,,39,Yes,Entertainment,8.0,Low,4.0
5465,Male,Yes,26,Yes,Artist,6.0,Average,2.0
5466,Male,Yes,35,Yes,Engineer,1.0,Average,4.0
5467,Male,,20,No,Healthcare,1.0,Low,2.0
5468,Female,Yes,36,Yes,Artist,1.0,Average,2.0
5469,Female,Yes,60,Yes,Homemaker,1.0,Low,4.0
5470,Male,,19,No,Healthcare,3.0,Low,5.0
5471,Male,Yes,49,Yes,Entertainment,1.0,Average,5.0
5472,Female,,23,No,Healthcare,,Low,3.0
5473,Female,Yes,45,Yes,Artist,1.0,Average,4.0
5474,Male,Yes,36,Yes,Artist,1.0,Average,2.0
5475,Male,Yes,70,Yes,Artist,1.0,Average,2.0
5476,Male,Yes,58,Yes,Artist,7.0,Low,1.0
5477,Male,,52,Yes,Artist,3.0,Low,1.0
5478,Female,Yes,52,Yes,Artist,1.0,Low,3.0
5479,Male,,28,No,Marketing,,Low,6.0
5480,Female,,33,Yes,Entertainment,,Low,3.0
5481,Female,Yes,70,Yes,Artist,1.0,Average,2.0
5482,Male,Yes,83,No,Executive,1.0,High,2.0
5483,Male,Yes,70,Yes,Artist,1.0,Low,2.0
5484,Female,Yes,37,Yes,Artist,3.0,Average,3.0
5485,Female,,27,No,Engineer,1.0,Low,1.0
5486,Female,Yes,62,Yes,Artist,,High,2.0
5487,Female,,37,No,Homemaker,9.0,Low,1.0
5488,Male,Yes,40,Yes,Artist,1.0,Average,3.0
5489,Male,Yes,53,Yes,Executive,1.0,High,5.0
5490,Female,,31,No,Homemaker,8.0,Low,1.0
5491,Male,Yes,80,Yes,Lawyer,1.0,Low,1.0
5492,Female,,52,Yes,Artist,9.0,Low,1.0
5493,Male,Yes,88,Yes,Lawyer,,High,3.0
5494,Female,,33,No,Healthcare,8.0,Low,4.0
5495,Male,Yes,39,Yes,Artist,1.0,Low,1.0
5496,Male,,23,No,Entertainment,1.0,Low,3.0
5497,Male,Yes,72,Yes,Entertainment,1.0,Average,3.0
5498,Female,,33,Yes,Doctor,,Low,3.0
5499,Female,Yes,52,No,Engineer,8.0,Average,4.0
5500,Male,,42,Yes,Artist,4.0,Low,2.0
5501,Female,Yes,60,Yes,Engineer,1.0,High,4.0
5502,Female,,30,No,Homemaker,8.0,Low,9.0
5503,Male,Yes,51,Yes,Artist,8.0,Low,5.0
5504,Female,,36,Yes,Engineer,,Low,1.0
5505,Female,Yes,35,Yes,Healthcare,1.0,Low,3.0
5506,Male,,23,No,Healthcare,1.0,Low,4.0
5507,Male,,28,Yes,Entertainment,14.0,Low,2.0
5508,Female,Yes,69,Yes,Marketing,1.0,Low,2.0
5509,Female,Yes,52,No,Artist,,Average,4.0
5510,Male,Yes,42,Yes,Artist,9.0,Average,3.0
5511,Male,,57,Yes,Doctor,,Low,1.0
5512,Male,Yes,58,Yes,Artist,2.0,Low,1.0
5513,Female,Yes,51,No,Healthcare,,High,3.0
5514,Female,Yes,39,Yes,Artist,2.0,High,2.0
5515,Female,,20,No,Healthcare,2.0,Low,6.0
5516,Male,,33,Yes,Healthcare,3.0,Low,2.0
5517,Female,,26,Yes,Artist,1.0,Low,9.0
5518,Male,Yes,58,Yes,Executive,,Average,4.0
5519,Female,,33,No,Healthcare,7.0,Low,6.0
5520,Male,,18,No,Healthcare,13.0,Low,4.0
5521,Male,,18,No,Healthcare,,Low,3.0
5522,Female,,38,Yes,Artist,7.0,Low,1.0
5523,Male,,22,No,Marketing,,Low,3.0
5524,Male,Yes,41,No,Doctor,1.0,Low,3.0
5525,Male,Yes,40,Yes,Executive,,High,4.0
5526,Male,,20,No,Healthcare,,Low,8.0
5527,Female,,29,Yes,Engineer,10.0,Low,1.0
5528,Male,Yes,57,Yes,Lawyer,1.0,High,2.0
5529,Male,Yes,42,Yes,Entertainment,,Average,2.0
5530,Female,,42,Yes,Engineer,1.0,Low,7.0
5531,Male,,23,No,Marketing,,Low,3.0
5532,Male,Yes,59,No,Entertainment,1.0,Average,2.0
5533,Male,,20,No,Healthcare,,Low,4.0
5534,Male,Yes,87,Yes,Lawyer,,High,2.0
5535,Male,Yes,59,Yes,Lawyer,7.0,High,2.0
5536,Male,Yes,46,Yes,Doctor,,Low,3.0
5537,Female,,48,Yes,Artist,1.0,Low,1.0
5538,Male,Yes,52,Yes,Artist,1.0,Low,1.0
5539,Female,Yes,47,Yes,Artist,1.0,High,6.0
5540,Male,Yes,43,No,Engineer,,Average,2.0
5541,Male,Yes,51,Yes,Entertainment,,Low,2.0
5542,Male,Yes,32,No,Marketing,4.0,Low,3.0
5543,Male,Yes,68,No,Executive,,High,2.0
5544,Female,,18,No,Healthcare,3.0,Low,4.0
5545,Female,,30,Yes,Entertainment,,Low,5.0
5546,Male,Yes,62,Yes,Executive,,High,3.0
5547,Female,,32,Yes,Entertainment,1.0,Low,3.0
5548,Male,Yes,41,No,Artist,1.0,Average,6.0
5549,Male,Yes,59,Yes,Artist,4.0,Low,1.0
5550,Male,,18,No,Healthcare,4.0,Low,3.0
5551,Female,Yes,30,No,Engineer,1.0,Average,7.0
5552,Male,,19,No,Healthcare,7.0,Low,4.0
5553,Male,Yes,52,Yes,Artist,1.0,Average,2.0
5554,Male,Yes,41,Yes,Artist,8.0,Average,3.0
5555,Female,Yes,59,Yes,Artist,,High,2.0
5556,Male,,32,Yes,Marketing,8.0,Low,1.0
5557,Male,Yes,61,Yes,Executive,,Low,3.0
5558,Female,,37,Yes,Engineer,,Low,1.0
5559,Female,Yes,47,Yes,Artist,7.0,Average,2.0
5560,Male,Yes,45,No,Executive,1.0,High,3.0
5561,Female,,21,No,Healthcare,8.0,Low,2.0
5562,Male,,42,Yes,Artist,8.0,Low,1.0
5563,Female,Yes,80,No,Lawyer,1.0,High,2.0
5564,Female,Yes,39,No,Doctor,,Average,4.0
5565,Female,,45,Yes,Healthcare,4.0,Low,1.0
5566,Male,Yes,53,Yes,Doctor,,Average,2.0
5567,Male,Yes,57,Yes,Artist,,Average,4.0
5568,Male,,31,Yes,Doctor,1.0,Low,2.0
5569,Male,,22,No,Artist,1.0,Low,3.0
5570,Female,Yes,28,Yes,Healthcare,,Average,2.0
5571,Male,Yes,57,Yes,Artist,,Low,1.0
5572,Male,Yes,46,Yes,Entertainment,,Average,3.0
5573,Male,,30,No,Executive,1.0,Low,4.0
5574,Male,,23,No,Healthcare,9.0,Low,4.0
5575,Female,,19,No,Entertainment,1.0,Low,5.0
5576,Female,Yes,81,No,Doctor,,High,2.0
5577,Male,,32,No,Entertainment,,Low,6.0
5578,Male,Yes,39,Yes,Executive,5.0,High,3.0
5579,Male,,25,No,Marketing,,Low,3.0
5580,Male,,21,No,Doctor,,Low,3.0
5581,Male,Yes,30,No,Executive,,High,4.0
5582,Female,,52,Yes,Artist,1.0,Low,2.0
5583,Female,,67,Yes,Artist,,Low,2.0
5584,Female,,26,Yes,Marketing,,Low,2.0
5585,Male,Yes,61,Yes,Artist,2.0,Low,2.0
5586,Female,,50,Yes,Artist,,Low,1.0
5587,Male,Yes,38,Yes,Artist,,Low,2.0
5588,Male,Yes,52,Yes,Executive,7.0,High,4.0
5589,Female,,31,Yes,Marketing,,Low,1.0
5590,Female,Yes,72,Yes,Lawyer,,High,2.0
5591,Male,,21,No,Healthcare,1.0,Low,3.0
5592,Female,Yes,39,Yes,Doctor,,Average,3.0
5593,Female,Yes,38,Yes,Artist,4.0,Low,1.0
5594,Male,Yes,52,Yes,Engineer,1.0,Average,3.0
5595,Female,,42,Yes,Engineer,6.0,Low,3.0
5596,Female,Yes,57,Yes,Artist,,Average,4.0
5597,Male,Yes,52,Yes,Artist,6.0,Average,2.0
5598,Female,,29,No,Homemaker,,Low,4.0
5599,Female,Yes,51,Yes,Marketing,9.0,Average,1.0
5600,Female,,30,Yes,Healthcare,2.0,Low,3.0
5601,Male,Yes,58,Yes,Engineer,,Low,1.0
5602,Male,Yes,81,No,Lawyer,1.0,High,2.0
5603,Female,,37,Yes,Artist,,Low,3.0
5604,Female,,18,No,Healthcare,9.0,Low,5.0
5605,Male,Yes,42,Yes,Artist,,Average,5.0
5606,Female,Yes,53,Yes,Artist,8.0,Average,2.0
5607,Male,Yes,69,Yes,Entertainment,1.0,High,3.0
5608,Male,Yes,59,Yes,Executive,11.0,High,3.0
5609,Male,,52,Yes,Artist,,Low,1.0
5610,Male,Yes,50,Yes,Entertainment,,Average,2.0
5611,Female,Yes,30,Yes,Artist,8.0,Low,4.0
5612,Female,,31,No,Healthcare,,Low,7.0
5613,Female,,22,No,Healthcare,,Low,5.0
5614,Female,Yes,88,Yes,Lawyer,,Low,2.0
5615,Female,Yes,43,Yes,Artist,1.0,Average,2.0
5616,Male,Yes,40,Yes,Artist,9.0,Low,2.0
5617,Male,Yes,31,No,Doctor,8.0,Low,2.0
5618,Male,Yes,35,Yes,Artist,1.0,Low,1.0
5619,Female,Yes,47,Yes,Entertainment,3.0,Average,2.0
5620,Male,Yes,55,Yes,Homemaker,1.0,Average,4.0
5621,Male,Yes,29,No,Executive,1.0,High,3.0
5622,Female,Yes,38,Yes,Engineer,1.0,Low,2.0
5623,Male,Yes,59,Yes,Artist,,Average,4.0
5624,Female,Yes,81,Yes,Lawyer,1.0,High,3.0
5625,Male,Yes,53,No,Executive,1.0,Low,5.0
5626,Male,,29,No,Healthcare,,Low,5.0
5627,Male,Yes,47,No,Executive,,Low,4.0
5628,Male,Yes,38,Yes,Artist,,Low,4.0
5629,Male,Yes,42,Yes,Executive,1.0,High,3.0
5630,Female,Yes,72,Yes,Lawyer,1.0,High,4.0
5631,Male,Yes,63,Yes,Artist,6.0,Low,1.0
5632,Female,,25,No,Artist,1.0,Low,3.0
5633,Female,,27,Yes,Healthcare,,Low,4.0
5634,Female,Yes,53,No,Engineer,8.0,Average,4.0
5635,Male,Yes,35,No,Artist,4.0,Average,2.0
5636,Female,Yes,46,Yes,Artist,1.0,Average,3.0
5637,Male,Yes,75,Yes,Lawyer,,High,2.0
5638,Male,Yes,50,Yes,Doctor,,Average,3.0
5639,Male,Yes,39,Yes,Artist,,Average,3.0
5640,Male,,25,No,Homemaker,14.0,Low,3.0
5641,Female,,32,No,Entertainment,3.0,Low,6.0
5642,Female,Yes,41,No,Engineer,,Low,2.0
5643,Male,,23,No,Healthcare,4.0,Low,5.0
5644,Female,,31,No,Marketing,8.0,Low,4.0
5645,Male,,29,No,Doctor,1.0,Low,4.0
5646,Female,,31,No,Healthcare,,Low,4.0
5647,Female,,41,No,Artist,,Low,1.0
5648,Female,,31,Yes,Artist,9.0,Low,1.0
5649,Female,Yes,53,No,Homemaker,9.0,Low,1.0
5650,Female,Yes,62,Yes,Engineer,1.0,Low,1.0
5651,Female,,30,Yes,Entertainment,,Low,5.0
5652,Male,,42,Yes,Entertainment,2.0,Low,3.0
5653,Male,Yes,75,No,Lawyer,,Low,1.0
5654,Female,,28,Yes,Doctor,1.0,Low,3.0
5655,Female,,38,No,Entertainment,8.0,Low,2.0
5656,Male,Yes,52,Yes,Executive,,High,4.0
5657,Male,,33,No,Healthcare,,Low,5.0
5658,Female,Yes,28,Yes,Doctor,,Average,2.0
5659,Male,Yes,37,Yes,Artist,1.0,Average,2.0
5660,Female,Yes,26,Yes,Engineer,6.0,High,7.0
5661,Male,Yes,69,No,Artist,,Average,3.0
5662,Male,Yes,27,Yes,Artist,4.0,Average,2.0
5663,Male,Yes,59,No,Doctor,,Average,2.0
5664,Male,Yes,56,Yes,Artist,4.0,Low,1.0
5665,Male,,35,Yes,Artist,8.0,Low,2.0
5666,Female,Yes,48,Yes,Artist,2.0,Low,2.0
5667,Male,,38,Yes,Entertainment,,Low,2.0
5668,Male,Yes,33,No,Executive,,High,5.0
5669,Male,,30,No,Entertainment,1.0,Low,2.0
5670,Female,,22,No,Homemaker,,Low,4.0
5671,Female,,41,Yes,Entertainment,5.0,Low,2.0
5672,Male,,21,No,Healthcare,1.0,Low,4.0
5673,Male,Yes,36,Yes,Entertainment,9.0,High,3.0
5674,Female,Yes,42,No,Artist,1.0,High,4.0
5675,Male,Yes,49,Yes,Artist,1.0,Average,8.0
5676,Male,Yes,38,Yes,Artist,9.0,Average,2.0
5677,Female,Yes,37,Yes,Doctor,1.0,Average,2.0
5678,Female,Yes,37,No,Entertainment,2.0,Average,4.0
5679,Female,Yes,31,No,Artist,,Low,3.0
5680,Male,Yes,36,Yes,Executive,1.0,High,4.0
5681,Male,Yes,48,Yes,Artist,,High,2.0
5682,Male,Yes,63,Yes,Homemaker,8.0,Average,3.0
5683,Male,Yes,43,No,Artist,8.0,Low,1.0
5684,Male,,22,No,Doctor,1.0,Low,3.0
5685,Female,Yes,57,Yes,Artist,,High,4.0
5686,Female,Yes,39,No,Engineer,4.0,Average,2.0
5687,Male,Yes,62,Yes,Artist,,Average,9.0
5688,Male,,46,Yes,Artist,1.0,Low,2.0
5689,Male,,30,Yes,Entertainment,14.0,Low,3.0
5690,Male,Yes,60,Yes,Artist,,Average,4.0
5691,Male,Yes,62,No,Executive,9.0,High,3.0
5692,Male,Yes,74,Yes,Lawyer,,High,3.0
5693,Female,,33,Yes,Healthcare,,Low,3.0
5694,Male,Yes,35,No,Homemaker,1.0,Average,3.0
5695,Female,Yes,60,Yes,Engineer,1.0,Average,3.0
5696,Male,Yes,30,Yes,Healthcare,8.0,Low,2.0
5697,Female,Yes,65,Yes,Artist,,Average,2.0
5698,Female,,30,Yes,Artist,9.0,Low,5.0
5699,Female,,51,Yes,Artist,,Low,1.0
5700,Female,,25,No,Executive,1.0,Low,3.0
5701,Female,,19,No,Healthcare,,Low,4.0
5702,Male,,25,No,Healthcare,,Low,5.0
5703,Female,Yes,62,Yes,Doctor,4.0,Average,3.0
5704,Male,Yes,48,Yes,Artist,4.0,Average,2.0
5705,Male,Yes,67,Yes,Artist,1.0,Average,2.0
5706,Female,Yes,52,No,Artist,1.0,Average,3.0
5707,Male,Yes,60,Yes,Executive,4.0,High,3.0
5708,Male,Yes,63,Yes,Homemaker,1.0,Low,3.0
5709,Female,,33,No,Marketing,,Low,4.0
5710,Male,,25,Yes,Artist,9.0,Low,3.0
5711,Male,,41,Yes,Artist,4.0,Low,1.0
5712,Male,Yes,42,Yes,Doctor,8.0,Average,2.0
5713,Female,Yes,59,Yes,Engineer,,Low,1.0
5714,Female,Yes,38,No,Engineer,9.0,Low,2.0
5715,Male,,29,Yes,Doctor,3.0,Low,3.0
5716,Male,,27,Yes,Doctor,,Low,5.0
5717,Male,Yes,51,No,Executive,1.0,Low,4.0
5718,Female,Yes,47,Yes,Engineer,,Average,2.0
5719,Female,Yes,65,Yes,Doctor,1.0,Low,2.0
5720,Female,,35,Yes,Artist,3.0,Low,1.0
5721,Male,,25,No,Healthcare,,Low,2.0
5722,Female,Yes,38,Yes,Artist,6.0,Low,2.0
5723,Female,Yes,55,Yes,Engineer,1.0,Low,1.0
5724,Female,Yes,53,Yes,Engineer,8.0,High,4.0
5725,Female,,21,No,Healthcare,8.0,Low,7.0
5726,Male,Yes,68,Yes,Artist,,High,2.0
5727,Female,Yes,40,Yes,Artist,1.0,Average,2.0
5728,Male,Yes,42,Yes,Executive,1.0,Low,2.0
5729,Male,,31,No,Entertainment,1.0,Low,4.0
5730,Female,Yes,28,Yes,Executive,8.0,High,2.0
5731,Male,Yes,36,Yes,Artist,7.0,Average,5.0
5732,Male,Yes,38,Yes,Engineer,,Average,4.0
5733,Female,Yes,39,No,Doctor,,Low,2.0
5734,Female,,32,No,Healthcare,,Low,5.0
5735,Male,Yes,51,No,Executive,9.0,Average,3.0
5736,Female,Yes,36,No,Executive,9.0,Average,5.0
5737,Female,,31,Yes,Healthcare,1.0,Low,1.0
5738,Male,,48,Yes,Healthcare,1.0,Low,2.0
5739,Female,,55,Yes,Marketing,3.0,Low,1.0
5740,Male,Yes,81,Yes,Entertainment,1.0,Low,1.0
5741,Female,Yes,84,No,Lawyer,,High,2.0
5742,Female,,32,Yes,Healthcare,1.0,Low,5.0
5743,Female,Yes,41,No,Doctor,,Average,9.0
5744,Female,Yes,51,Yes,Artist,1.0,Average,5.0
5745,Female,,81,Yes,Lawyer,1.0,Low,1.0
5746,Female,,30,No,Healthcare,3.0,Low,3.0
5747,Female,,19,No,Marketing,1.0,Low,4.0
5748,Male,,33,No,Engineer,2.0,Low,4.0
5749,Male,Yes,59,Yes,Entertainment,1.0,Average,3.0
5750,Male,Yes,82,No,Lawyer,1.0,High,3.0
5751,Male,Yes,28,No,Doctor,8.0,Low,2.0
5752,Male,Yes,25,No,Healthcare,1.0,Average,2.0
5753,Male,Yes,81,Yes,Entertainment,1.0,Low,1.0
5754,Female,Yes,52,Yes,Artist,,Average,3.0
5755,Male,,23,No,Healthcare,1.0,Low,2.0
5756,Female,Yes,40,No,Entertainment,,Low,4.0
5757,Female,Yes,60,Yes,Artist,8.0,High,2.0
5758,Female,Yes,35,Yes,Entertainment,,Low,4.0
5759,Female,Yes,46,Yes,Artist,1.0,Average,2.0
5760,Male,Yes,47,Yes,Artist,1.0,Average,6.0
5761,Male,Yes,25,No,Entertainment,3.0,Average,2.0
5762,Male,,40,No,Entertainment,5.0,Low,1.0
5763,Male,Yes,69,No,Executive,,High,4.0
5764,Female,Yes,70,No,Doctor,,Average,2.0
5765,Male,Yes,73,Yes,Entertainment,1.0,High,4.0
5766,Female,Yes,61,Yes,Artist,1.0,Low,2.0
5767,Female,Yes,38,Yes,Artist,3.0,Low,2.0
5768,Female,Yes,36,Yes,Artist,5.0,Low,2.0
5769,Female,Yes,48,No,Artist,8.0,Average,3.0
5770,Female,Yes,50,Yes,Executive,4.0,High,3.0
5771,Female,Yes,62,Yes,Engineer,1.0,Low,1.0
5772,Male,,22,No,Healthcare,9.0,Low,8.0
5773,Female,Yes,69,No,Entertainment,1.0,Low,2.0
5774,Female,,41,Yes,Artist,2.0,Low,1.0
5775,Male,,22,No,Marketing,,Low,4.0
5776,Male,,41,Yes,Artist,6.0,Low,1.0
5777,Female,Yes,89,No,Lawyer,1.0,High,3.0
5778,Female,,40,Yes,Healthcare,1.0,Low,1.0
5779,Male,Yes,41,Yes,Entertainment,5.0,Low,1.0
5780,Female,,22,No,Doctor,1.0,Low,3.0
5781,Male,Yes,52,Yes,Executive,1.0,High,4.0
5782,Male,,26,Yes,Homemaker,8.0,Low,2.0
5783,Male,Yes,29,Yes,Artist,,Low,5.0
5784,Female,Yes,69,No,Lawyer,,Low,1.0
5785,Male,Yes,47,Yes,Entertainment,2.0,Average,3.0
5786,Male,Yes,59,No,Executive,7.0,Average,5.0
5787,Female,,23,No,Healthcare,,Low,6.0
5788,Male,Yes,47,Yes,Artist,1.0,Average,3.0
5789,Female,Yes,41,Yes,Engineer,,High,3.0
5790,Female,Yes,74,Yes,Artist,,Average,2.0
5791,Female,,26,No,Homemaker,,Low,6.0
5792,Male,,41,Yes,Entertainment,7.0,Low,2.0
5793,Male,Yes,76,No,Executive,1.0,High,2.0
5794,Male,,26,Yes,Healthcare,5.0,Low,5.0
5795,Male,Yes,67,Yes,Homemaker,1.0,Average,2.0
5796,Male,Yes,47,No,Entertainment,1.0,Low,2.0
5797,Male,,21,No,Doctor,6.0,Low,6.0
5798,Male,Yes,37,Yes,Executive,1.0,Low,6.0
5799,Female,,43,Yes,Entertainment,1.0,Low,4.0
5800,Female,,33,No,Healthcare,1.0,Low,6.0
5801,Female,Yes,60,Yes,Artist,1.0,Low,2.0
5802,Female,Yes,37,No,Entertainment,1.0,Average,2.0
5803,Male,,27,Yes,Artist,7.0,Low,3.0
5804,Male,Yes,37,Yes,Executive,,Average,3.0
5805,Male,,19,No,Healthcare,2.0,Low,4.0
5806,Female,Yes,60,Yes,Artist,1.0,Average,2.0
5807,Male,Yes,82,No,Executive,1.0,Low,1.0
5808,Male,Yes,55,Yes,Artist,,Average,2.0
5809,Female,Yes,79,Yes,Lawyer,1.0,High,2.0
5810,Female,Yes,40,Yes,Artist,,Low,2.0
5811,Female,,41,Yes,Artist,4.0,Low,1.0
5812,Female,Yes,31,No,Homemaker,9.0,Average,2.0
5813,Female,,43,Yes,Engineer,1.0,Low,2.0
5814,Male,Yes,43,No,Artist,4.0,Average,2.0
5815,Female,Yes,43,Yes,Artist,1.0,Low,1.0
5816,Male,Yes,49,Yes,Artist,1.0,Average,3.0
5817,Male,Yes,69,Yes,Artist,1.0,Low,2.0
5818,Female,Yes,43,Yes,Entertainment,,Average,2.0
5819,Female,Yes,50,Yes,Artist,2.0,Low,1.0
5820,Female,Yes,48,Yes,Doctor,1.0,Average,6.0
5821,Male,Yes,50,Yes,Artist,,Low,1.0
5822,Male,Yes,63,No,Artist,5.0,Average,2.0
5823,Female,Yes,41,Yes,Artist,8.0,Average,2.0
5824,Female,Yes,31,No,Artist,,High,3.0
5825,Male,,30,Yes,Healthcare,9.0,Low,1.0
5826,Female,,37,Yes,Artist,3.0,Low,1.0
5827,Male,,31,No,Entertainment,,Low,3.0
5828,Female,Yes,49,Yes,Artist,,Average,4.0
5829,Female,,28,No,Healthcare,1.0,Low,2.0
5830,Female,Yes,49,No,Engineer,5.0,Average,5.0
5831,Female,,28,No,Healthcare,7.0,Low,4.0
5832,Male,,25,No,Executive,3.0,Low,1.0
5833,Male,Yes,50,Yes,Executive,,High,4.0
5834,Female,,18,No,Healthcare,,Low,4.0
5835,Female,,23,No,Healthcare,1.0,Low,3.0
5836,Male,Yes,26,Yes,Entertainment,,Average,3.0
5837,Female,Yes,66,Yes,Artist,,Average,3.0
5838,Male,Yes,32,Yes,Entertainment,1.0,Low,2.0
5839,Male,Yes,69,Yes,Doctor,,High,3.0
5840,Male,Yes,49,Yes,Executive,2.0,High,4.0
5841,Male,Yes,56,Yes,Artist,,Low,2.0
5842,Male,,40,Yes,Doctor,4.0,Low,2.0
5843,Female,Yes,89,No,Lawyer,,High,2.0
5844,Female,Yes,51,No,Engineer,4.0,Low,2.0
5845,Female,Yes,75,Yes,Lawyer,3.0,High,2.0
5846,Female,Yes,57,No,Engineer,8.0,Low,1.0
5847,Female,Yes,63,Yes,Artist,1.0,High,3.0
5848,Male,,28,Yes,Artist,4.0,Low,6.0
5849,Female,Yes,30,Yes,Homemaker,9.0,Low,2.0
5850,Male,Yes,55,No,Artist,,Low,2.0
5851,Male,Yes,46,Yes,Artist,1.0,Average,3.0
5852,Male,,33,No,Healthcare,,Low,5.0
5853,Male,Yes,35,Yes,Artist,1.0,Average,2.0
5854,Female,,37,Yes,Artist,,Low,2.0
5855,Male,Yes,56,No,Artist,1.0,Average,3.0
5856,Male,,20,No,Healthcare,,Low,5.0
5857,Female,Yes,88,Yes,Lawyer,1.0,High,2.0
5858,Male,Yes,67,No,Executive,1.0,High,2.0
5859,Male,,29,Yes,Healthcare,1.0,Low,4.0
5860,Male,,23,No,Healthcare,,Low,4.0
5861,Female,,25,No,Homemaker,,Low,3.0
5862,Female,Yes,39,Yes,Healthcare,8.0,High,2.0
5863,Male,Yes,53,Yes,Executive,9.0,High,4.0
5864,Male,Yes,37,Yes,Entertainment,8.0,Average,2.0
5865,Female,Yes,27,Yes,Doctor,1.0,Low,2.0
5866,Male,Yes,35,Yes,Executive,,High,4.0
5867,Female,Yes,28,Yes,Healthcare,10.0,High,2.0
5868,Male,Yes,71,Yes,Artist,,Average,2.0
5869,Female,Yes,62,Yes,Artist,,Average,2.0
5870,Female,Yes,49,Yes,Artist,9.0,Low,2.0
5871,Male,,23,No,Healthcare,1.0,Low,4.0
5872,Male,Yes,43,Yes,Artist,1.0,Low,2.0
5873,Female,,27,No,Engineer,14.0,Low,8.0
5874,Male,Yes,49,Yes,Artist,1.0,Low,1.0
5875,Male,Yes,35,No,Entertainment,8.0,Average,4.0
5876,Male,Yes,41,Yes,Entertainment,9.0,Average,2.0
5877,Male,Yes,26,No,Homemaker,9.0,Average,2.0
5878,Male,,56,No,Marketing,1.0,Low,2.0
5879,Male,Yes,42,Yes,Artist,2.0,Average,2.0
5880,Male,Yes,50,Yes,Artist,1.0,Low,3.0
5881,Male,,19,No,Healthcare,,Low,4.0
5882,Female,Yes,35,Yes,Homemaker,9.0,Average,2.0
5883,Female,,25,No,Artist,6.0,Low,3.0
5884,Female,Yes,49,Yes,Artist,,Low,4.0
5885,Male,Yes,39,Yes,Artist,1.0,Average,2.0
5886,Male,Yes,45,No,Executive,1.0,Average,4.0
5887,Female,,50,Yes,Executive,1.0,Low,1.0
5888,Female,Yes,51,Yes,Artist,8.0,Average,2.0
5889,Male,Yes,45,Yes,Executive,5.0,High,3.0
5890,Male,,32,No,Healthcare,,Low,7.0
5891,Male,Yes,26,Yes,Artist,,Average,2.0
5892,Female,Yes,62,Yes,Artist,2.0,High,3.0
5893,Male,Yes,32,No,Entertainment,5.0,Low,2.0
5894,Female,,33,No,Doctor,,Low,1.0
5895,Male,,35,No,Doctor,1.0,Low,3.0
5896,Male,Yes,25,Yes,Artist,9.0,Low,4.0
5897,Male,Yes,26,No,Artist,1.0,Low,4.0
5898,Male,Yes,32,No,Entertainment,1.0,Average,2.0
5899,Male,,43,Yes,Marketing,,Low,2.0
5900,Male,,28,No,Doctor,8.0,Low,3.0
5901,Male,Yes,40,No,Executive,7.0,Low,4.0
5902,Male,Yes,38,No,Artist,8.0,Low,1.0
5903,Male,,37,Yes,Entertainment,,Low,1.0
5904,Male,Yes,50,Yes,Healthcare,1.0,Average,1.0
5905,Male,Yes,42,Yes,Entertainment,9.0,Low,2.0
5906,Female,,61,Yes,Marketing,1.0,Low,1.0
5907,Female,Yes,75,No,Entertainment,2.0,High,2.0
5908,Male,,46,Yes,Artist,,Low,1.0
5909,Female,,28,No,Healthcare,,Low,4.0
5910,Female,Yes,37,Yes,Artist,9.0,Low,2.0
5911,Male,Yes,62,Yes,Doctor,5.0,Low,1.0
5912,Male,Yes,55,Yes,Artist,8.0,Average,2.0
5913,Female,,27,Yes,Healthcare,1.0,Low,2.0
5914,Female,Yes,51,Yes,Artist,6.0,High,2.0
5915,Female,Yes,60,Yes,Artist,2.0,Average,6.0
5916,Male,,33,Yes,Entertainment,,Low,4.0
5917,Male,Yes,58,No,Executive,12.0,High,2.0
5918,Female,Yes,63,Yes,Artist,1.0,Average,3.0
5919,Female,Yes,55,Yes,Artist,1.0,Average,4.0
5920,Male,Yes,72,Yes,Artist,,High,5.0
5921,Female,Yes,62,Yes,Artist,3.0,Low,2.0
5922,Female,Yes,58,Yes,Artist,,Low,3.0
5923,Male,Yes,82,Yes,Executive,,High,2.0
5924,Female,Yes,25,Yes,Engineer,6.0,Average,2.0
5925,Male,Yes,84,No,Lawyer,,High,2.0
5926,Male,,36,No,Engineer,3.0,Low,3.0
5927,Male,,25,No,Marketing,,Low,2.0
5928,Male,Yes,26,No,Artist,7.0,Low,4.0
5929,Male,,21,No,Marketing,,Low,5.0
5930,Female,Yes,55,Yes,Artist,1.0,Low,2.0
5931,Female,,38,Yes,Artist,8.0,Low,1.0
5932,Female,Yes,38,Yes,Doctor,1.0,Low,4.0
5933,Female,,42,Yes,Artist,,Low,1.0
5934,Female,Yes,43,Yes,Entertainment,8.0,Low,1.0
5935,Male,Yes,52,Yes,Executive,,High,4.0
5936,Male,,19,No,Healthcare,1.0,Low,3.0
5937,Female,Yes,53,Yes,Marketing,6.0,Low,1.0
5938,Male,,23,No,Healthcare,,Low,3.0
5939,Male,,30,Yes,Doctor,1.0,Low,1.0
5940,Male,Yes,46,No,Executive,,High,2.0
5941,Female,Yes,49,Yes,Artist,,Average,4.0
5942,Female,Yes,38,Yes,Artist,1.0,Average,2.0
5943,Female,,39,Yes,Artist,7.0,Low,1.0
5944,Female,Yes,70,Yes,Artist,1.0,Low,3.0
5945,Male,,36,Yes,Marketing,,Low,1.0
5946,Male,Yes,47,No,Artist,,Low,4.0
5947,Male,,32,Yes,Healthcare,,Low,6.0
5948,Male,,32,Yes,Entertainment,9.0,Low,2.0
5949,Male,,47,No,Entertainment,1.0,Low,1.0
5950,Female,Yes,42,Yes,Healthcare,9.0,Average,2.0
5951,Male,,21,No,Healthcare,1.0,Low,3.0
5952,Male,,31,No,Healthcare,3.0,Low,9.0
5953,Female,Yes,70,Yes,Artist,8.0,Average,2.0
5954,Male,Yes,55,Yes,Executive,2.0,High,3.0
5955,Male,,32,No,Healthcare,7.0,Low,5.0
5956,Male,,39,Yes,Entertainment,1.0,Low,8.0
5957,Male,Yes,72,Yes,Artist,,Average,2.0
5958,Male,Yes,68,No,Entertainment,4.0,Average,2.0
5959,Female,Yes,60,Yes,Artist,2.0,Average,2.0
5960,Female,Yes,46,Yes,Artist,1.0,Average,4.0
5961,Male,Yes,52,Yes,Artist,,Low,4.0
5962,Male,,29,Yes,Homemaker,5.0,Low,1.0
5963,Male,,29,Yes,Healthcare,4.0,Low,2.0
5964,Male,,18,No,Healthcare,,Low,5.0
5965,Male,Yes,61,Yes,Doctor,3.0,Low,2.0
5966,Male,Yes,79,No,Lawyer,1.0,Low,1.0
5967,Female,,33,Yes,Artist,,Low,5.0
5968,Male,,26,Yes,Artist,10.0,Low,5.0
5969,Female,,45,Yes,Artist,4.0,Low,1.0
5970,Male,Yes,36,Yes,Artist,6.0,Average,4.0
5971,Male,,28,Yes,Artist,9.0,Low,1.0
5972,Female,Yes,42,Yes,Artist,1.0,Average,2.0
5973,Male,Yes,40,Yes,Artist,8.0,Average,2.0
5974,Male,Yes,25,Yes,Executive,8.0,High,2.0
5975,Male,Yes,83,No,Lawyer,1.0,Low,1.0
5976,Female,Yes,69,No,Artist,,High,2.0
5977,Female,Yes,72,No,Lawyer,1.0,Low,3.0
5978,Male,,52,Yes,Artist,1.0,Low,1.0
5979,Male,,31,Yes,Healthcare,3.0,Low,4.0
5980,Male,Yes,25,Yes,Executive,1.0,High,2.0
5981,Male,,47,Yes,Doctor,1.0,Low,1.0
5982,Male,Yes,68,No,Lawyer,2.0,Low,3.0
5983,Male,,38,Yes,Artist,1.0,Low,1.0
5984,Female,Yes,36,Yes,Artist,1.0,Average,2.0
5985,Male,Yes,50,No,Executive,,High,4.0
5986,Female,Yes,53,Yes,Artist,1.0,Average,3.0
5987,Male,,35,Yes,Artist,9.0,Low,1.0
5988,Male,Yes,26,No,Executive,5.0,High,4.0
5989,Male,,28,No,Entertainment,,Low,3.0
5990,Female,Yes,35,Yes,Artist,8.0,High,5.0
5991,Male,Yes,50,Yes,Artist,1.0,Low,2.0
5992,Female,Yes,51,Yes,Artist,,Low,1.0
5993,Female,Yes,87,Yes,Lawyer,1.0,High,2.0
5994,Female,Yes,42,No,Artist,,Average,3.0
5995,Male,,43,Yes,Healthcare,1.0,Low,7.0
5996,Male,Yes,41,Yes,Artist,1.0,Low,2.0
5997,Male,Yes,69,Yes,Artist,,Average,3.0
5998,Male,,27,No,Entertainment,6.0,Low,4.0
5999,Male,,62,No,Healthcare,8.0,Low,1.0
6000,Male,Yes,53,Yes,Artist,1.0,Average,3.0
6001,Male,Yes,52,No,Artist,,Low,3.0
6002,Female,Yes,47,No,Artist,7.0,Low,1.0
6003,Male,Yes,52,Yes,Entertainment,1.0,Low,2.0
6004,Male,,26,No,Doctor,8.0,Low,1.0
6005,Female,,38,Yes,Healthcare,,Low,4.0
6006,Male,,30,Yes,Marketing,12.0,Low,4.0
6007,Female,,25,No,Healthcare,1.0,Low,5.0
6008,Male,Yes,29,No,Doctor,,Low,2.0
6009,Male,,33,No,Entertainment,8.0,Low,1.0
6010,Female,Yes,36,Yes,Homemaker,8.0,Average,5.0
6011,Male,,41,Yes,Artist,2.0,Low,3.0
6012,Female,,27,No,Homemaker,8.0,Low,1.0
6013,Female,Yes,67,Yes,Artist,1.0,Average,3.0
6014,Female,Yes,36,Yes,Artist,1.0,Average,5.0
6015,Male,Yes,47,Yes,Artist,,Average,3.0
6016,Male,Yes,89,Yes,Marketing,1.0,High,2.0
6017,Male,Yes,50,Yes,Artist,,Average,4.0
6018,Male,,45,Yes,Entertainment,6.0,Low,2.0
6019,Female,,28,No,Artist,,Low,5.0
6020,Male,,31,Yes,Entertainment,1.0,Low,3.0
6021,Male,Yes,59,Yes,Entertainment,9.0,Low,1.0
6022,Female,,23,No,Healthcare,1.0,Low,3.0
6023,Female,Yes,37,No,Engineer,7.0,Low,1.0
6024,Male,,23,No,Doctor,,Low,5.0
6025,Female,,23,No,Healthcare,,Low,4.0
6026,Male,Yes,59,No,Entertainment,8.0,Average,3.0
6027,Male,Yes,51,Yes,Engineer,1.0,Average,5.0
6028,Male,Yes,53,Yes,Artist,3.0,Average,4.0
6029,Female,Yes,39,Yes,Artist,1.0,Average,4.0
6030,Male,Yes,80,Yes,Lawyer,,High,3.0
6031,Male,Yes,73,Yes,Artist,1.0,Average,2.0
6032,Female,Yes,38,No,Doctor,1.0,Average,3.0
6033,Male,Yes,67,Yes,Lawyer,1.0,High,3.0
6034,Female,Yes,38,No,Engineer,1.0,Low,1.0
6035,Male,,38,Yes,Artist,,Low,2.0
6036,Male,,31,Yes,Healthcare,,Low,3.0
6037,Male,Yes,47,No,Executive,1.0,High,7.0
6038,Male,Yes,56,Yes,Artist,1.0,Average,1.0
6039,Male,Yes,51,Yes,Entertainment,,Average,5.0
6040,Male,Yes,59,Yes,Entertainment,,Average,2.0
6041,Female,Yes,47,No,Lawyer,,Low,1.0
6042,Female,,26,No,Healthcare,,Low,6.0
6043,Male,,45,Yes,Artist,1.0,Low,1.0
6044,Female,,26,Yes,Engineer,,Low,3.0
6045,Female,Yes,61,Yes,Doctor,1.0,Average,2.0
6046,Male,Yes,50,Yes,Doctor,,Average,3.0
6047,Male,Yes,37,Yes,Executive,9.0,High,2.0
6048,Male,,26,No,Entertainment,,Low,2.0
6049,Male,Yes,41,Yes,Artist,4.0,Average,3.0
6050,Male,Yes,61,Yes,Executive,9.0,High,3.0
6051,Male,Yes,59,Yes,Artist,,Average,4.0
6052,Female,Yes,37,Yes,Artist,1.0,High,2.0
6053,Female,,41,Yes,Artist,,Low,1.0
6054,Female,,29,No,Homemaker,1.0,Low,6.0
6055,Female,,31,No,Doctor,1.0,Low,2.0
6056,Male,,25,Yes,Healthcare,8.0,Low,4.0
6057,Female,Yes,67,Yes,Lawyer,1.0,Low,1.0
6058,Female,,23,No,Healthcare,,Low,5.0
6059,Male,,26,Yes,Healthcare,1.0,Low,2.0
6060,Male,Yes,48,Yes,Artist,7.0,Average,2.0
6061,Female,,37,Yes,Engineer,,Low,1.0
6062,Female,Yes,53,Yes,Artist,8.0,Average,3.0
6063,Male,,18,No,Healthcare,2.0,Low,4.0
6064,Female,Yes,59,Yes,Engineer,,Low,1.0
6065,Male,Yes,62,Yes,Artist,1.0,Average,2.0
6066,Female,,31,No,Healthcare,,Low,3.0
6067,Female,,72,Yes,Lawyer,1.0,Low,2.0
6068,Male,Yes,50,Yes,Artist,6.0,Average,3.0
6069,Male,Yes,51,Yes,Artist,1.0,Low,2.0
6070,Male,Yes,57,Yes,Doctor,,Average,4.0
6071,Female,,23,No,Healthcare,,Low,4.0
6072,Female,,38,Yes,Artist,,Low,1.0
6073,Male,,31,No,Healthcare,1.0,Low,3.0
6074,Female,Yes,35,No,Healthcare,2.0,Low,1.0
6075,Male,,18,No,Doctor,4.0,Low,2.0
6076,Male,Yes,81,No,Executive,,Low,1.0
6077,Male,Yes,57,Yes,Artist,1.0,Average,5.0
6078,Male,Yes,37,No,Executive,,Average,5.0
6079,Male,,22,No,Healthcare,1.0,Low,5.0
6080,Male,Yes,45,Yes,Executive,1.0,Low,5.0
6081,Male,Yes,50,Yes,Executive,,High,3.0
6082,Female,,39,Yes,Artist,9.0,Low,1.0
6083,Female,,26,Yes,Artist,1.0,Low,2.0
6084,Female,Yes,59,Yes,Artist,4.0,Average,4.0
6085,Male,Yes,60,No,Artist,1.0,High,4.0
6086,Male,Yes,69,Yes,Lawyer,,High,4.0
6087,Female,Yes,50,Yes,Artist,,Average,2.0
6088,Female,Yes,61,Yes,Engineer,,Low,3.0
6089,Male,,40,No,Marketing,1.0,Low,1.0
6090,Female,Yes,36,Yes,Artist,5.0,Average,2.0
6091,Female,Yes,59,No,Entertainment,8.0,Average,2.0
6092,Male,,63,Yes,Artist,,Low,1.0
6093,Female,,28,No,Entertainment,1.0,Low,4.0
6094,Male,,38,Yes,Artist,6.0,Low,4.0
6095,Female,,22,No,Healthcare,,Low,3.0
6096,Female,Yes,52,Yes,Artist,,Average,2.0
6097,Female,Yes,73,Yes,Lawyer,1.0,Low,1.0
6098,Female,Yes,63,Yes,Marketing,,Low,2.0
6099,Female,Yes,89,Yes,Entertainment,6.0,Average,4.0
6100,Female,Yes,52,No,Doctor,3.0,Average,2.0
6101,Male,,21,No,Healthcare,3.0,Low,3.0
6102,Female,,42,Yes,Entertainment,6.0,Low,2.0
6103,Male,,23,No,Healthcare,,Low,4.0
6104,Male,Yes,26,Yes,Healthcare,9.0,High,3.0
6105,Female,Yes,70,Yes,Artist,5.0,High,2.0
6106,Male,,31,Yes,Artist,,Low,1.0
6107,Male,,21,No,Healthcare,4.0,Low,4.0
6108,Male,,35,Yes,Entertainment,,Low,3.0
6109,Male,Yes,35,Yes,Artist,8.0,Average,2.0
6110,Female,Yes,50,No,Artist,,Average,4.0
6111,Male,Yes,29,No,Executive,1.0,High,2.0
6112,Female,,23,No,Healthcare,4.0,Low,7.0
6113,Male,,23,No,Healthcare,,Low,4.0
6114,Female,,31,No,Marketing,,Low,3.0
6115,Female,,29,No,Healthcare,5.0,Low,4.0
6116,Female,,27,Yes,Artist,1.0,Low,6.0
6117,Male,,31,No,Artist,3.0,Low,2.0
6118,Male,Yes,29,No,Healthcare,5.0,Low,2.0
6119,Male,Yes,74,No,Lawyer,8.0,Low,1.0
6120,Female,,27,Yes,Engineer,4.0,Low,2.0
6121,Female,Yes,47,No,Engineer,10.0,Low,2.0
6122,Male,Yes,52,Yes,Entertainment,1.0,Average,5.0
6123,Male,Yes,31,Yes,Healthcare,,Low,2.0
6124,Male,,30,Yes,Doctor,10.0,Low,4.0
6125,Male,Yes,38,Yes,Artist,,Low,4.0
6126,Female,,33,Yes,Artist,,Low,3.0
6127,Female,,25,Yes,Healthcare,,Low,3.0
6128,Female,Yes,46,Yes,Artist,1.0,Low,4.0
6129,Male,,19,No,Engineer,7.0,Low,5.0
6130,Male,,26,Yes,Healthcare,,Low,3.0
6131,Male,,32,No,Doctor,2.0,Low,2.0
6132,Female,Yes,28,Yes,Doctor,1.0,Average,2.0
6133,Female,,31,Yes,Entertainment,9.0,Low,3.0
6134,Male,Yes,42,Yes,Artist,,Average,3.0
6135,Male,Yes,84,Yes,Lawyer,,High,2.0
6136,Female,,31,Yes,Healthcare,,Low,3.0
6137,Female,Yes,73,No,Lawyer,1.0,High,2.0
6138,Male,Yes,67,Yes,Lawyer,,High,2.0
6139,Male,,37,Yes,Artist,1.0,Low,4.0
6140,Female,Yes,74,No,Lawyer,1.0,High,2.0
6141,Female,,47,Yes,Entertainment,1.0,Low,1.0
6142,Male,,32,No,Healthcare,,Low,3.0
6143,Female,,37,Yes,Artist,7.0,Low,4.0
6144,Male,Yes,56,Yes,Artist,,High,2.0
6145,Male,Yes,84,No,Lawyer,1.0,High,2.0
6146,Male,,33,Yes,Entertainment,1.0,Low,1.0
6147,Female,Yes,42,Yes,Artist,1.0,Average,2.0
6148,Male,,22,No,Doctor,,Low,4.0
6149,Male,Yes,60,Yes,Artist,1.0,Low,2.0
6150,Male,Yes,28,Yes,Entertainment,3.0,Average,3.0
6151,Male,Yes,40,Yes,Artist,6.0,Low,1.0
6152,Female,,35,Yes,Artist,12.0,Low,3.0
6153,Male,Yes,69,No,Lawyer,,Low,3.0
6154,Male,,18,No,Healthcare,3.0,Low,5.0
6155,Male,Yes,53,Yes,Artist,,Average,2.0
6156,Female,Yes,23,No,Healthcare,7.0,High,2.0
6157,Female,,39,Yes,Artist,,Low,1.0
6158,Female,Yes,51,Yes,Artist,,Average,2.0
6159,Male,,38,Yes,Artist,8.0,Low,1.0
6160,Male,,32,Yes,Healthcare,,Low,3.0
6161,Male,Yes,32,Yes,Entertainment,6.0,Low,2.0
6162,Male,Yes,68,Yes,Entertainment,,Low,3.0
6163,Male,Yes,47,Yes,Artist,3.0,Average,4.0
6164,Female,,31,Yes,Doctor,,Low,2.0
6165,Female,Yes,48,Yes,Homemaker,1.0,Low,2.0
6166,Male,Yes,35,No,Doctor,5.0,Low,4.0
6167,Female,,37,Yes,Artist,1.0,Low,2.0
6168,Male,,25,No,Entertainment,3.0,Low,1.0
6169,Male,Yes,66,Yes,Artist,,Low,5.0
6170,Male,Yes,61,Yes,Entertainment,3.0,Average,6.0
6171,Male,Yes,68,Yes,Lawyer,8.0,Low,1.0
6172,Male,,25,Yes,Artist,13.0,Low,3.0
6173,Male,,65,Yes,Executive,9.0,Low,3.0
6174,Male,,20,No,Healthcare,5.0,Low,5.0
6175,Male,Yes,48,Yes,Executive,,High,5.0
6176,Male,,27,No,Doctor,9.0,Low,4.0
6177,Female,,45,Yes,Artist,3.0,Low,1.0
6178,Female,,70,Yes,Lawyer,,Low,1.0
6179,Male,Yes,78,Yes,Lawyer,1.0,Low,1.0
6180,Female,,26,Yes,Healthcare,5.0,Low,2.0
6181,Female,Yes,71,Yes,Artist,1.0,Average,2.0
6182,Female,Yes,62,Yes,Artist,1.0,Low,1.0
6183,Female,Yes,60,Yes,Lawyer,,Low,2.0
6184,Male,Yes,36,Yes,Executive,6.0,High,2.0
6185,Male,,22,No,Healthcare,,Low,5.0
6186,Female,,21,No,Doctor,,Low,3.0
6187,Female,Yes,38,Yes,Artist,,Average,3.0
6188,Male,Yes,53,Yes,Artist,1.0,High,2.0
6189,Female,,63,Yes,Doctor,,Low,2.0
6190,Male,,18,No,Healthcare,1.0,Low,3.0
6191,Male,Yes,50,Yes,Executive,4.0,High,3.0
6192,Female,,33,No,Engineer,9.0,Low,4.0
6193,Male,Yes,47,No,Entertainment,,High,5.0
6194,Female,Yes,74,Yes,Lawyer,1.0,High,2.0
6195,Female,,40,No,Doctor,14.0,Low,6.0
6196,Male,Yes,66,No,Artist,2.0,High,3.0
6197,Male,Yes,43,Yes,Artist,1.0,Low,2.0
6198,Female,,29,No,Artist,,Low,3.0
6199,Female,,43,Yes,Engineer,9.0,Low,1.0
6200,Female,Yes,83,Yes,Artist,,High,2.0
6201,Male,,32,Yes,Doctor,1.0,Low,2.0
6202,Male,Yes,61,Yes,Healthcare,1.0,Average,7.0
6203,Male,Yes,52,No,Artist,7.0,Low,1.0
6204,Male,Yes,50,No,Engineer,1.0,Low,2.0
6205,Male,,33,Yes,Entertainment,1.0,Low,8.0
6206,Male,Yes,37,Yes,Entertainment,1.0,Low,4.0
6207,Male,Yes,52,Yes,Artist,2.0,Average,2.0
6208,Male,,18,No,Healthcare,6.0,Low,4.0
6209,Male,Yes,66,No,Executive,1.0,High,2.0
6210,Female,,22,No,Healthcare,,Low,4.0
6211,Male,,27,No,Doctor,9.0,Low,4.0
6212,Male,,36,Yes,Artist,,Low,1.0
6213,Male,Yes,69,No,Executive,1.0,High,3.0
6214,Female,,40,No,Entertainment,12.0,Low,4.0
6215,Female,,41,Yes,Doctor,,Low,1.0
6216,Female,,19,No,Healthcare,8.0,Low,5.0
6217,Female,,27,No,Engineer,1.0,Low,7.0
6218,Female,,23,No,Healthcare,6.0,Low,5.0
6219,Male,Yes,65,Yes,Executive,,High,2.0
6220,Female,Yes,71,No,Engineer,2.0,Low,1.0
6221,Male,Yes,48,Yes,Artist,,Average,2.0
6222,Female,Yes,39,Yes,Artist,,Low,1.0
6223,Male,Yes,53,Yes,Artist,,Average,5.0
6224,Female,Yes,61,No,Engineer,1.0,Average,2.0
6225,Male,Yes,25,Yes,Entertainment,1.0,Average,2.0
6226,Male,Yes,51,Yes,Executive,1.0,High,4.0
6227,Female,Yes,40,Yes,Artist,,Low,2.0
6228,Male,,31,Yes,Artist,4.0,Low,4.0
6229,Female,Yes,36,Yes,Entertainment,,Average,3.0
6230,Male,,30,Yes,Entertainment,,Low,3.0
6231,Female,Yes,35,No,Artist,,Low,2.0
6232,Male,Yes,65,Yes,Artist,,Average,2.0
6233,Male,Yes,65,Yes,Entertainment,,High,2.0
6234,Male,Yes,40,Yes,Artist,1.0,Average,4.0
6235,Female,Yes,85,Yes,Lawyer,,Low,1.0
6236,Male,,26,Yes,Doctor,13.0,Low,3.0
6237,Male,Yes,37,Yes,Artist,1.0,Average,2.0
6238,Male,Yes,74,Yes,Lawyer,1.0,High,2.0
6239,Male,Yes,42,No,Entertainment,1.0,Low,4.0
6240,Female,Yes,56,Yes,Artist,,Low,1.0
6241,Female,Yes,42,Yes,Artist,9.0,Low,2.0
6242,Female,,20,No,Artist,,Low,3.0
6243,Female,Yes,36,Yes,Entertainment,7.0,Average,2.0
6244,Male,Yes,80,Yes,Lawyer,1.0,Low,1.0
6245,Male,Yes,38,Yes,Engineer,1.0,Average,4.0
6246,Male,,20,No,Healthcare,1.0,Low,3.0
6247,Female,,39,No,Engineer,,Low,3.0
6248,Male,,37,Yes,Entertainment,1.0,Low,2.0
6249,Female,Yes,61,No,Lawyer,,High,3.0
6250,Female,,40,Yes,Artist,8.0,Low,1.0
6251,Female,Yes,42,No,Homemaker,3.0,Average,4.0
6252,Male,Yes,49,Yes,Artist,1.0,Low,2.0
6253,Male,Yes,31,Yes,Marketing,13.0,High,4.0
6254,Female,,31,Yes,Healthcare,1.0,Low,4.0
6255,Male,,43,Yes,Entertainment,,Low,5.0
6256,Female,Yes,45,Yes,Artist,8.0,Average,2.0
6257,Male,Yes,65,Yes,Artist,1.0,High,2.0
6258,Male,Yes,36,Yes,Artist,8.0,Average,2.0
6259,Female,,28,No,Marketing,1.0,Low,4.0
6260,Female,Yes,50,No,Artist,9.0,High,2.0
6261,Female,Yes,36,Yes,Entertainment,6.0,Low,2.0
6262,Female,,28,Yes,Doctor,1.0,Low,4.0
6263,Male,,26,Yes,Artist,,Low,4.0
6264,Male,Yes,50,Yes,Artist,1.0,Average,4.0
6265,Female,Yes,61,No,Artist,1.0,Average,2.0
6266,Female,,35,Yes,Artist,7.0,Low,1.0
6267,Female,Yes,50,Yes,Engineer,4.0,Average,4.0
6268,Male,Yes,45,Yes,Artist,,Average,4.0
6269,Female,,28,Yes,Engineer,7.0,Low,1.0
6270,Female,Yes,68,Yes,Lawyer,3.0,High,4.0
6271,Male,Yes,73,No,Executive,,High,2.0
6272,Male,Yes,67,Yes,Artist,,Low,1.0
6273,Female,Yes,69,Yes,Lawyer,1.0,High,2.0
6274,Female,,23,No,Healthcare,6.0,Low,3.0
6275,Male,Yes,57,Yes,Entertainment,,Average,7.0
6276,Male,Yes,78,No,Executive,,High,2.0
6277,Female,Yes,46,Yes,Artist,,High,4.0
6278,Female,,25,Yes,Artist,,Low,6.0
6279,Male,,28,Yes,Doctor,1.0,Low,3.0
6280,Male,Yes,58,Yes,Lawyer,2.0,High,2.0
6281,Female,Yes,51,Yes,Artist,1.0,Average,4.0
6282,Male,,35,Yes,Artist,,Low,1.0
6283,Male,Yes,40,Yes,Artist,1.0,Low,2.0
6284,Male,,18,No,Healthcare,8.0,Low,4.0
6285,Female,Yes,53,No,Engineer,3.0,Low,1.0
6286,Female,,37,No,Artist,4.0,Low,2.0
6287,Male,Yes,30,No,Executive,5.0,High,4.0
6288,Male,,42,Yes,Artist,6.0,Low,2.0
6289,Male,Yes,40,Yes,Entertainment,9.0,Average,5.0
6290,Male,Yes,29,Yes,Doctor,1.0,Low,3.0
6291,Male,Yes,73,No,Lawyer,1.0,Low,1.0
6292,Female,Yes,46,Yes,Artist,,High,4.0
6293,Male,Yes,51,No,Entertainment,1.0,Low,3.0
6294,Female,Yes,65,Yes,Lawyer,,High,3.0
6295,Male,Yes,42,Yes,Artist,1.0,Low,4.0
6296,Male,Yes,57,Yes,Artist,1.0,Average,5.0
6297,Male,Yes,48,Yes,Doctor,1.0,Average,2.0
6298,Male,Yes,42,No,Artist,7.0,Average,5.0
6299,Male,,27,Yes,Healthcare,1.0,Low,5.0
6300,Male,,31,Yes,Artist,7.0,Low,1.0
6301,Male,,20,No,Healthcare,,Low,4.0
6302,Male,,33,No,Healthcare,1.0,Low,5.0
6303,Male,,20,No,Healthcare,1.0,Low,2.0
6304,Male,Yes,53,Yes,Artist,9.0,Average,2.0
6305,Female,,26,No,Marketing,3.0,Low,3.0
6306,Male,Yes,40,Yes,Artist,1.0,Average,2.0
6307,Male,Yes,72,No,Lawyer,,High,2.0
6308,Female,Yes,88,Yes,Lawyer,,Low,1.0
6309,Male,Yes,73,No,Executive,1.0,Low,1.0
6310,Male,Yes,62,Yes,Entertainment,,Average,6.0
6311,Female,Yes,40,No,Engineer,1.0,Low,2.0
6312,Female,,28,No,Engineer,1.0,Low,4.0
6313,Male,Yes,45,Yes,Artist,,Average,2.0
6314,Female,Yes,37,Yes,Artist,8.0,High,2.0
6315,Male,Yes,39,No,Doctor,1.0,High,2.0
6316,Male,,22,No,Healthcare,1.0,Low,6.0
6317,Male,,25,No,Executive,12.0,Low,3.0
6318,Female,Yes,48,Yes,Doctor,,Average,2.0
6319,Female,Yes,46,Yes,Engineer,1.0,Average,2.0
6320,Male,Yes,36,No,Engineer,,Average,2.0
6321,Male,Yes,45,No,Executive,,Average,3.0
6322,Female,Yes,83,No,Lawyer,1.0,Low,1.0
6323,Male,,22,No,Healthcare,9.0,Low,4.0
6324,Female,Yes,47,Yes,Doctor,1.0,Average,2.0
6325,Male,,35,Yes,Artist,5.0,Low,2.0
6326,Male,,22,No,Healthcare,10.0,Low,4.0
6327,Female,,25,Yes,Artist,4.0,Low,5.0
6328,Male,,30,Yes,Healthcare,1.0,Low,4.0
6329,Female,,35,Yes,Entertainment,7.0,Low,2.0
6330,Female,Yes,31,No,Artist,7.0,Average,2.0
6331,Male,,33,Yes,Entertainment,1.0,Low,4.0
6332,Female,,51,Yes,Artist,1.0,Low,1.0
6333,Male,Yes,40,No,Executive,,Low,3.0
6334,Female,Yes,25,Yes,Healthcare,1.0,High,4.0
6335,Male,Yes,39,Yes,Healthcare,4.0,Low,2.0
6336,Female,,25,Yes,Artist,8.0,Low,1.0
6337,Female,Yes,55,Yes,Artist,,High,5.0
6338,Female,,48,No,Healthcare,,Low,4.0
6339,Male,Yes,59,Yes,Artist,,Average,2.0
6340,Male,Yes,47,Yes,Artist,1.0,Low,2.0
6341,Female,,30,No,Healthcare,8.0,Low,4.0
6342,Female,,41,Yes,Artist,9.0,Low,1.0
6343,Male,Yes,39,Yes,Artist,13.0,Low,2.0
6344,Male,Yes,59,Yes,Artist,,Average,6.0
6345,Male,Yes,25,Yes,Healthcare,8.0,Low,2.0
6346,Female,Yes,36,Yes,Artist,1.0,Low,2.0
6347,Male,Yes,62,No,Entertainment,1.0,Average,2.0
6348,Female,,37,No,Homemaker,1.0,Low,1.0
6349,Female,Yes,35,Yes,Artist,,Low,2.0
6350,Female,Yes,59,Yes,Homemaker,,Average,4.0
6351,Male,Yes,52,Yes,Artist,1.0,Average,4.0
6352,Female,Yes,72,Yes,Doctor,1.0,Average,2.0
6353,Male,Yes,43,Yes,Executive,6.0,High,3.0
6354,Female,,28,Yes,Healthcare,,Low,1.0
6355,Male,,40,Yes,Artist,14.0,Low,2.0
6356,Female,,31,Yes,Entertainment,1.0,Low,1.0
6357,Male,Yes,43,Yes,Artist,9.0,High,2.0
6358,Male,Yes,65,Yes,Artist,,Average,2.0
6359,Female,,40,Yes,Artist,1.0,Low,1.0
6360,Female,,25,No,Engineer,1.0,Low,3.0
6361,Male,,33,No,Entertainment,1.0,Low,1.0
6362,Male,Yes,60,Yes,Entertainment,,Low,4.0
6363,Male,,29,Yes,Healthcare,3.0,Low,3.0
6364,Female,,36,Yes,Artist,,Low,3.0
6365,Male,Yes,57,Yes,Artist,,Low,1.0
6366,Male,,23,No,Healthcare,1.0,Low,3.0
6367,Female,Yes,49,Yes,Artist,1.0,Low,1.0
6368,Female,Yes,87,Yes,Artist,1.0,High,2.0
6369,Male,,23,No,Healthcare,,Low,2.0
6370,Female,Yes,62,No,Engineer,4.0,Low,1.0
6371,Female,Yes,47,No,Engineer,9.0,Average,4.0
6372,Male,,22,No,Healthcare,1.0,Low,3.0
6373,Female,Yes,40,Yes,Artist,9.0,Low,2.0
6374,Female,Yes,53,No,Artist,1.0,High,4.0
6375,Male,Yes,56,Yes,Artist,,Average,4.0
6376,Female,,35,Yes,Entertainment,9.0,Low,2.0
6377,Male,Yes,50,Yes,Artist,,Average,3.0
6378,Male,Yes,40,No,Executive,,Average,4.0
6379,Female,Yes,55,Yes,Artist,4.0,Average,4.0
6380,Male,,20,No,Healthcare,5.0,Low,4.0
6381,Female,Yes,55,Yes,Homemaker,13.0,Average,3.0
6382,Male,,18,No,Healthcare,,Low,3.0
6383,Female,Yes,56,Yes,Artist,,Average,4.0
6384,Male,Yes,60,Yes,Executive,,High,4.0
6385,Male,,59,Yes,Artist,1.0,Low,2.0
6386,Male,Yes,38,Yes,Healthcare,1.0,High,4.0
6387,Female,Yes,45,Yes,Artist,4.0,High,4.0
6388,Female,Yes,69,Yes,Entertainment,1.0,High,2.0
6389,Male,,25,No,Executive,,Low,3.0
6390,Female,Yes,33,Yes,Homemaker,,High,2.0
6391,Female,,32,Yes,Homemaker,5.0,Low,1.0
6392,Male,Yes,52,Yes,Artist,4.0,Low,1.0
6393,Male,Yes,76,No,Executive,1.0,Low,1.0
6394,Male,Yes,50,Yes,Artist,3.0,Average,4.0
6395,Female,Yes,65,Yes,Artist,13.0,Low,1.0
6396,Female,,75,Yes,Lawyer,,Low,2.0
6397,Female,Yes,38,No,Artist,1.0,Low,1.0
6398,Male,Yes,62,Yes,Artist,10.0,Low,1.0
6399,Female,Yes,56,Yes,Artist,1.0,Average,5.0
6400,Male,,33,No,Marketing,,Low,4.0
6401,Male,,32,Yes,Entertainment,1.0,Low,1.0
6402,Male,Yes,48,Yes,Artist,1.0,Average,3.0
6403,Male,Yes,87,Yes,Lawyer,9.0,Low,4.0
6404,Male,Yes,65,Yes,Entertainment,1.0,High,2.0
6405,Male,Yes,49,No,Executive,11.0,High,4.0
6406,Female,Yes,49,Yes,Artist,7.0,Average,4.0
6407,Male,,23,No,Healthcare,,Low,5.0
6408,Female,Yes,45,Yes,Artist,1.0,Average,5.0
6409,Male,,29,No,Healthcare,,Low,4.0
6410,Male,,32,Yes,Healthcare,1.0,Low,4.0
6411,Male,Yes,88,Yes,Artist,,High,2.0
6412,Female,,51,Yes,Entertainment,,Low,1.0
6413,Female,Yes,51,Yes,Doctor,1.0,Average,4.0
6414,Male,Yes,50,Yes,Executive,1.0,Average,3.0
6415,Male,,31,Yes,Healthcare,1.0,Low,4.0
6416,Male,,30,Yes,Healthcare,8.0,Low,5.0
6417,Male,Yes,43,Yes,Artist,6.0,Average,3.0
6418,Male,Yes,51,Yes,Artist,1.0,Low,3.0
6419,Female,,23,No,Healthcare,1.0,Low,4.0
6420,Female,Yes,77,Yes,Lawyer,,High,2.0
6421,Female,,32,No,Homemaker,1.0,Low,1.0
6422,Female,Yes,62,Yes,Artist,1.0,Low,4.0
6423,Female,,39,No,Healthcare,4.0,Low,3.0
6424,Female,,31,Yes,Marketing,,Low,9.0
6425,Male,,31,Yes,Artist,1.0,Low,5.0
6426,Male,Yes,77,Yes,Artist,1.0,High,2.0
6427,Female,Yes,88,Yes,Lawyer,,Low,1.0
6428,Female,,29,Yes,Entertainment,8.0,Low,2.0
6429,Male,,30,Yes,Artist,5.0,Low,4.0
6430,Female,,40,Yes,Doctor,1.0,Low,1.0
6431,Male,,23,No,Healthcare,1.0,Low,7.0
6432,Female,Yes,82,No,Lawyer,,Low,1.0
6433,Male,Yes,37,Yes,Executive,6.0,High,3.0
6434,Female,,40,No,Marketing,1.0,Low,1.0
6435,Female,,25,Yes,Artist,2.0,Low,2.0
6436,Male,Yes,43,No,Artist,1.0,Low,2.0
6437,Female,Yes,69,Yes,Artist,,High,2.0
6438,Male,Yes,74,No,Lawyer,,High,2.0
6439,Female,Yes,26,No,Marketing,7.0,High,3.0
6440,Female,Yes,45,No,Engineer,2.0,Low,2.0
6441,Female,Yes,66,No,Engineer,,High,5.0
6442,Male,Yes,22,No,Doctor,2.0,High,9.0
6443,Female,Yes,71,No,Engineer,1.0,High,4.0
6444,Male,Yes,51,Yes,Artist,1.0,Low,3.0
6445,Male,Yes,37,Yes,Entertainment,1.0,Low,2.0
6446,Female,,29,Yes,Engineer,1.0,Low,5.0
6447,Male,,23,No,Engineer,,Low,4.0
6448,Male,,20,No,Healthcare,1.0,Low,5.0
6449,Female,Yes,45,Yes,Engineer,1.0,Low,3.0
6450,Female,Yes,71,No,Lawyer,1.0,High,2.0
6451,Male,Yes,50,Yes,Doctor,,Average,8.0
6452,Male,,29,Yes,Healthcare,,Low,4.0
6453,Female,Yes,46,No,Artist,,Average,4.0
6454,Male,Yes,62,Yes,Artist,1.0,Low,4.0
6455,Male,,43,Yes,Artist,1.0,Low,1.0
6456,Male,Yes,43,Yes,Executive,,High,4.0
6457,Male,,19,No,Healthcare,,Low,3.0
6458,Female,Yes,41,Yes,Entertainment,9.0,Low,1.0
6459,Female,Yes,83,No,Lawyer,1.0,High,2.0
6460,Male,,39,Yes,Artist,,Low,3.0
6461,Male,,28,No,Healthcare,1.0,Low,5.0
6462,Male,Yes,55,No,Lawyer,1.0,High,3.0
6463,Male,Yes,40,Yes,Artist,,Low,2.0
6464,Male,Yes,28,No,Executive,,High,4.0
6465,Male,Yes,62,No,Artist,,Average,3.0
6466,Male,,30,Yes,Healthcare,3.0,Low,5.0
6467,Female,Yes,56,Yes,Artist,1.0,High,4.0
6468,Female,Yes,58,Yes,Doctor,1.0,Average,2.0
6469,Male,Yes,51,Yes,Doctor,11.0,Average,2.0
6470,Male,Yes,46,Yes,Artist,1.0,Average,4.0
6471,Male,,33,No,Marketing,11.0,Low,9.0
6472,Female,,20,No,Healthcare,,Low,3.0
6473,Male,Yes,52,Yes,Executive,1.0,High,4.0
6474,Male,Yes,50,Yes,Executive,4.0,High,3.0
6475,Male,Yes,19,No,Executive,,High,3.0
6476,Male,Yes,83,Yes,Artist,2.0,High,2.0
6477,Female,Yes,56,Yes,Artist,1.0,Average,4.0
6478,Female,Yes,83,Yes,Lawyer,1.0,Low,1.0
6479,Female,Yes,28,Yes,Homemaker,9.0,Average,2.0
6480,Female,Yes,87,Yes,Artist,1.0,Average,2.0
6481,Male,Yes,49,Yes,Artist,,Average,6.0
6482,Male,Yes,52,Yes,Executive,1.0,High,4.0
6483,Male,Yes,35,No,Artist,9.0,Low,3.0
6484,Male,Yes,40,Yes,Entertainment,1.0,Average,2.0
6485,Male,Yes,45,Yes,Executive,,High,4.0
6486,Female,,21,No,Healthcare,,Low,5.0
6487,Female,Yes,32,No,Engineer,9.0,Low,4.0
6488,Male,Yes,57,No,Entertainment,,High,3.0
6489,Female,Yes,49,Yes,Artist,,Average,5.0
6490,Female,,39,Yes,Doctor,8.0,Low,2.0
6491,Male,Yes,40,Yes,Artist,,Average,2.0
6492,Male,Yes,47,No,Entertainment,,Average,3.0
6493,Male,,26,Yes,Healthcare,1.0,Low,5.0
6494,Female,,56,Yes,Artist,,Low,2.0
6495,Female,,20,No,Healthcare,,Low,4.0
6496,Male,,38,Yes,Artist,1.0,Low,1.0
6497,Male,,49,No,Entertainment,1.0,Low,3.0
6498,Female,Yes,35,Yes,Healthcare,10.0,Low,2.0
6499,Male,Yes,47,Yes,Artist,,Average,6.0
6500,Male,Yes,46,No,Entertainment,8.0,Low,1.0
6501,Male,Yes,52,No,Executive,9.0,Average,4.0
6502,Male,Yes,28,Yes,Homemaker,13.0,Average,2.0
6503,Female,Yes,50,Yes,Artist,,Average,9.0
6504,Female,Yes,39,Yes,Artist,3.0,Low,1.0
6505,Male,Yes,39,Yes,Healthcare,7.0,Average,5.0
6506,Male,Yes,48,No,Executive,2.0,High,2.0
6507,Male,,35,Yes,Doctor,3.0,Low,1.0
6508,Male,,30,No,Executive,1.0,Low,2.0
6509,Male,,26,No,Entertainment,1.0,Low,3.0
6510,Female,Yes,38,Yes,Engineer,8.0,Low,3.0
6511,Male,Yes,71,No,Lawyer,,Low,5.0
6512,Female,Yes,58,Yes,Artist,1.0,Average,2.0
6513,Male,Yes,42,No,Executive,3.0,High,3.0
6514,Male,,25,Yes,Doctor,,Low,2.0
6515,Male,Yes,53,Yes,Executive,9.0,Low,1.0
6516,Male,Yes,59,Yes,Artist,,Low,2.0
6517,Male,Yes,43,Yes,Artist,3.0,Average,3.0
6518,Male,Yes,32,Yes,Entertainment,,Average,3.0
6519,Male,Yes,49,Yes,Executive,1.0,High,5.0
6520,Female,,28,Yes,Healthcare,1.0,Low,3.0
6521,Male,Yes,48,Yes,Entertainment,,Low,2.0
6522,Male,Yes,60,Yes,Artist,,Low,2.0
6523,Male,,25,Yes,Entertainment,1.0,Low,3.0
6524,Female,,32,No,Doctor,1.0,Low,3.0
6525,Male,Yes,53,Yes,Artist,,Low,1.0
6526,Female,Yes,45,Yes,Lawyer,,Low,1.0
6527,Male,,20,No,Healthcare,7.0,Low,3.0
6528,Female,Yes,35,Yes,Artist,1.0,Average,3.0
6529,Male,Yes,57,Yes,Entertainment,,Low,2.0
6530,Male,Yes,77,No,Lawyer,,Low,1.0
6531,Male,Yes,32,Yes,Entertainment,9.0,Average,2.0
6532,Female,,30,Yes,Artist,,Low,5.0
6533,Female,,23,No,Healthcare,1.0,Low,4.0
6534,Male,Yes,42,Yes,Doctor,9.0,Low,2.0
6535,Male,Yes,38,No,Artist,1.0,Low,2.0
6536,Male,Yes,55,Yes,Homemaker,,Low,4.0
6537,Male,,30,No,Healthcare,8.0,Low,3.0
6538,Female,Yes,57,Yes,Artist,1.0,High,2.0
6539,Female,Yes,46,Yes,Artist,,Average,2.0
6540,Male,,27,No,Entertainment,14.0,Low,3.0
6541,Female,,22,No,Healthcare,4.0,Low,3.0
6542,Female,Yes,35,Yes,Homemaker,9.0,Average,2.0
6543,Male,Yes,35,No,Artist,,Low,6.0
6544,Male,,27,Yes,Healthcare,1.0,Low,5.0
6545,Female,,36,Yes,Artist,8.0,Low,2.0
6546,Male,Yes,85,Yes,Artist,1.0,Low,1.0
6547,Female,Yes,45,Yes,Artist,,Average,5.0
6548,Male,Yes,71,Yes,Entertainment,,Low,2.0
6549,Female,,33,No,Engineer,1.0,Low,3.0
6550,Male,Yes,83,No,Executive,1.0,High,3.0
6551,Male,Yes,25,No,Entertainment,2.0,Low,2.0
6552,Female,Yes,41,No,Entertainment,9.0,High,2.0
6553,Male,,48,Yes,Artist,1.0,Low,1.0
6554,Female,,22,No,Doctor,3.0,Low,2.0
6555,Male,Yes,67,Yes,Entertainment,1.0,Average,3.0
6556,Female,,31,No,Healthcare,6.0,Low,3.0
6557,Female,Yes,87,No,Artist,,Low,1.0
6558,Female,Yes,48,Yes,Homemaker,3.0,Average,2.0
6559,Female,,28,No,Marketing,9.0,Low,2.0
6560,Female,Yes,36,Yes,Homemaker,1.0,Average,3.0
6561,Female,,31,Yes,Doctor,,Low,4.0
6562,Male,,18,No,Healthcare,1.0,Low,4.0
6563,Male,,31,No,Doctor,,Low,1.0
6564,Female,Yes,49,Yes,Artist,,Average,5.0
6565,Male,,38,Yes,Healthcare,6.0,Low,2.0
6566,Female,Yes,40,Yes,Entertainment,12.0,Low,6.0
6567,Female,,21,No,Healthcare,1.0,Low,3.0
6568,Male,Yes,28,No,Engineer,6.0,Average,2.0
6569,Male,Yes,26,Yes,Entertainment,1.0,Average,2.0
6570,Female,,26,No,Healthcare,6.0,Low,3.0
6571,Male,Yes,51,Yes,Executive,4.0,High,3.0
6572,Male,Yes,69,No,Doctor,,Average,2.0
6573,Male,,53,Yes,Artist,1.0,Low,1.0
6574,Female,,30,No,Entertainment,1.0,Low,4.0
6575,Male,Yes,49,Yes,Artist,9.0,Low,1.0
6576,Male,,23,No,Healthcare,,Low,3.0
6577,Female,Yes,42,Yes,Engineer,1.0,Low,2.0
6578,Female,Yes,42,Yes,Artist,,Average,2.0
6579,Male,,33,Yes,Entertainment,6.0,Low,1.0
6580,Female,,72,Yes,Artist,1.0,Low,2.0
6581,Female,,49,Yes,Artist,1.0,Low,2.0
6582,Female,,52,Yes,Artist,1.0,Low,3.0
6583,Male,Yes,58,Yes,Artist,,Average,2.0
6584,Male,Yes,41,Yes,Artist,,High,2.0
6585,Male,,20,No,Healthcare,,Low,4.0
6586,Male,,19,No,Healthcare,,Low,3.0
6587,Female,,31,Yes,Engineer,1.0,Low,4.0
6588,Female,,49,Yes,Doctor,,Low,1.0
6589,Male,,27,Yes,Artist,8.0,Low,6.0
6590,Female,,23,No,Healthcare,,Low,3.0
6591,Male,Yes,43,Yes,Artist,2.0,Average,4.0
6592,Female,Yes,35,Yes,Engineer,,Average,2.0
6593,Male,Yes,80,Yes,Lawyer,,Low,1.0
6594,Female,,33,No,Healthcare,7.0,Low,4.0
6595,Male,,20,No,Healthcare,,Low,4.0
6596,Female,Yes,57,Yes,Artist,1.0,Average,3.0
6597,Female,,39,No,Healthcare,4.0,Low,3.0
6598,Male,Yes,69,Yes,Artist,,Low,1.0
6599,Male,Yes,47,Yes,Artist,,Average,4.0
6600,Male,,87,No,Lawyer,1.0,Low,1.0
6601,Male,Yes,80,Yes,Lawyer,2.0,Low,1.0
6602,Male,Yes,63,Yes,Entertainment,,Low,1.0
6603,Male,Yes,46,Yes,Artist,,Average,5.0
6604,Female,,27,No,Engineer,1.0,Low,4.0
6605,Female,,29,No,Marketing,9.0,Low,4.0
6606,Male,,53,Yes,Artist,1.0,Low,2.0
6607,Male,,23,No,Healthcare,4.0,Low,5.0
6608,Male,Yes,27,Yes,Healthcare,5.0,Low,5.0
6609,Female,,47,Yes,Homemaker,9.0,Low,3.0
6610,Male,Yes,72,Yes,Entertainment,7.0,Low,2.0
6611,Male,,25,Yes,Entertainment,9.0,Low,1.0
6612,Female,Yes,36,No,Artist,1.0,Average,4.0
6613,Female,Yes,75,Yes,Artist,1.0,High,2.0
6614,Male,,36,Yes,Entertainment,1.0,Low,2.0
6615,Female,Yes,69,Yes,Artist,7.0,Low,1.0
6616,Female,,41,Yes,Artist,,Low,1.0
6617,Male,Yes,53,No,Entertainment,10.0,Average,3.0
6618,Male,Yes,83,No,Executive,,Low,7.0
6619,Female,Yes,85,Yes,Lawyer,,Low,5.0
6620,Male,,30,Yes,Doctor,,Low,2.0
6621,Female,,32,No,Entertainment,1.0,Low,3.0
6622,Female,Yes,68,Yes,Lawyer,,Low,2.0
6623,Male,,36,Yes,Artist,5.0,Low,1.0
6624,Female,Yes,40,Yes,Engineer,1.0,High,5.0
6625,Male,,52,Yes,Artist,1.0,Low,3.0
6626,Male,Yes,42,Yes,Artist,,Average,3.0
6627,Male,Yes,47,Yes,Executive,8.0,High,4.0
6628,Female,Yes,40,Yes,Artist,4.0,Average,5.0
6629,Male,Yes,60,Yes,Entertainment,1.0,Average,5.0
6630,Male,Yes,50,Yes,Entertainment,1.0,Average,4.0
6631,Female,Yes,49,Yes,Artist,,Average,3.0
6632,Male,,42,Yes,Doctor,8.0,Low,1.0
6633,Male,Yes,39,Yes,Artist,,Average,2.0
6634,Male,Yes,43,No,Executive,,High,4.0
6635,Female,,51,Yes,Artist,,Low,1.0
6636,Male,Yes,28,No,Executive,,Average,3.0
6637,Female,Yes,42,No,Doctor,1.0,Low,1.0
6638,Female,Yes,55,No,Engineer,1.0,Average,7.0
6639,Male,Yes,59,No,Entertainment,1.0,Low,2.0
6640,Male,,32,No,Executive,,Low,2.0
6641,Female,,28,Yes,Healthcare,1.0,Low,3.0
6642,Male,,28,No,Executive,9.0,Low,4.0
6643,Male,Yes,39,Yes,Artist,10.0,Low,2.0
6644,Female,Yes,37,Yes,Entertainment,,Low,2.0
6645,Male,Yes,53,Yes,Artist,,High,3.0
6646,Male,Yes,48,No,Entertainment,6.0,Average,5.0
6647,Male,,30,No,Executive,5.0,Low,5.0
6648,Male,Yes,27,Yes,Entertainment,,Low,4.0
6649,Male,Yes,53,Yes,Entertainment,,Average,2.0
6650,Male,,25,No,Healthcare,7.0,Low,4.0
6651,Female,Yes,78,Yes,Artist,1.0,High,2.0
6652,Female,,55,Yes,Entertainment,1.0,Low,1.0
6653,Female,Yes,40,Yes,Entertainment,7.0,Average,2.0
6654,Female,Yes,56,Yes,Entertainment,1.0,Average,3.0
6655,Female,Yes,51,Yes,Artist,1.0,High,5.0
6656,Female,,48,Yes,Homemaker,1.0,Low,1.0
6657,Male,,25,No,Doctor,6.0,Low,1.0
6658,Male,,32,No,Doctor,5.0,Low,1.0
6659,Male,Yes,25,No,Executive,1.0,Low,2.0
6660,Male,,19,No,Healthcare,,Low,3.0
6661,Male,Yes,38,No,Artist,1.0,Average,3.0
6662,Female,,30,No,Healthcare,8.0,Low,3.0
6663,Female,Yes,35,Yes,Doctor,,Average,3.0
6664,Female,Yes,52,Yes,Artist,,Average,4.0
6665,Male,,29,Yes,Artist,7.0,Low,1.0
